url	date	query_name	title	company	status
https://jobs.ashbyhq.com/rula/40915141-68c6-4a00-9581-95b158da6d91	2026-06-22	Ashby — AI PM	Sr. Product Manager - AI	Rula	added
https://jobs.ashbyhq.com/hopper/2bc0143c-3080-45cc-8351-b7983f713bf3	2026-06-22	Ashby — AI PM	Senior Product Manager, Commerce - AI & Platform (Remote - USA East)	Hopper	added
https://jobs.ashbyhq.com/hopper/935e0c08-4c14-44ca-82a6-9345f2145979	2026-06-22	Ashby — AI PM	Senior Product Manager, Commerce - AI & Platform (Remote - UK)	Hopper	added
https://jobs.ashbyhq.com/hopper/4b2553ae-85d8-41e3-a43b-4fd0ecfc82d3	2026-06-22	Ashby — AI PM	Senior Product Manager, Commerce - AI & Platform (Remote - Spain)	Hopper	added
https://jobs.ashbyhq.com/lakera.ai/95faf367-7a43-4454-997f-d9e7b5f11079	2026-06-22	Ashby — AI PM	Senior Product Manager	Lakera	skipped_title
https://jobs.ashbyhq.com/everai/694c19b7-d94f-4f66-97a7-5c881b0811bf	2026-06-22	Ashby — AI PM	Senior AI Product Manager (Remote - Europe)	EverAI	added
https://jobs.ashbyhq.com/higharc/da3e4a14-a3cb-4060-8a61-6ee23294d222	2026-06-22	Ashby — AI PM	Senior Product Manager, AI Experiences	Higharc	added
https://jobs.ashbyhq.com/vivun/3866d2b8-21f3-4ef5-90c5-4fd7a4da1d16	2026-06-22	Ashby — AI PM	Senior Product Manager	Vivun	skipped_title
https://jobs.ashbyhq.com/weave/3e2e05c4-e1bc-4345-b422-b4a9dd2314e9	2026-06-22	Ashby — AI PM	Senior Product Manager, AI/ML	Weave	added
https://jobs.ashbyhq.com/hopper/9a3d0809-326b-4ca5-ae60-bae9a835234c	2026-06-22	Ashby — AI PM	Principal Product Manager - AI Travel (Remote - USA)	Hopper	added
https://jobs.ashbyhq.com/lavendo/e5cf20c8-5beb-4ef8-82d7-d7c053454010	2026-06-22	Ashby — Solutions Architect	Solutions Architect, AI Agents (US Remote)	Lavendo	added
https://jobs.ashbyhq.com/lavendo/590152fb-8300-4ee6-a299-f2bf5515e41d	2026-06-22	Ashby — Solutions Architect	Solutions Architect, AI Infrastructure (US Remote)	Lavendo	added
https://jobs.ashbyhq.com/horizon3ai/01b63db2-2c73-439e-9032-182583e62d5a	2026-06-22	Ashby — Solutions Architect	Solutions Architect, Central	Horizon3 AI	skipped_title
https://jobs.ashbyhq.com/lavendo/f0374fa5-f8b8-4f42-b6fb-898721ef6a10	2026-06-22	Ashby — Solutions Architect	Solutions Architect - AI Agents Deployment	Lavendo	added
https://jobs.ashbyhq.com/openai/bf036b23-cd23-46d0-a02f-4b1483f4698a	2026-06-22	Ashby — Solutions Architect	Solutions Architect	OpenAI	added
https://jobs.ashbyhq.com/decagon/83267854-2ea8-4322-8ba3-88c2dcb086a5	2026-06-22	Ashby — Solutions Architect	Solutions Architect - Salesforce	Decagon	added
https://jobs.ashbyhq.com/cohere/67c4c05a-f7ab-48dc-a779-af835e2d36f1	2026-06-22	Ashby — Solutions Architect	Solutions Architect	Cohere	added
https://jobs.ashbyhq.com/Scale%20Army%20Careers/011cdf78-402f-4b8e-add9-3b10ebeaa4e3	2026-06-22	Ashby — Solutions Architect	AI Automation Specialist	Scale Army	skipped_title
https://jobs.ashbyhq.com/sandboxaq/336b6f46-6e98-4622-bdc5-8a03564ed1da	2026-06-22	Ashby — Solutions Architect	Staff Solutions Architect, AI Sim	SandboxAQ	added
https://jobs.ashbyhq.com/outliant/93cc9a86-d93f-464a-a3bb-a57c7ab38aba	2026-06-22	Ashby — Solutions Architect	Solutions Architect II	Outliant	added
https://jobs.ashbyhq.com/openrouter/1b26f0a2-4aab-4bef-8c21-0f8de9a059e3	2026-06-22	Ashby — AI Engineer	Forward Deployed Engineer	OpenRouter	added
https://jobs.ashbyhq.com/baseten/84c1801c-1a65-49fb-aaaa-beeafd530e7e	2026-06-22	Ashby — AI Engineer	Applied AI Inference - Forward Deployed Engineer	Baseten	added
https://jobs.ashbyhq.com/reflectionai/1d029ec2-a842-4dff-b784-1328422c03e8	2026-06-22	Ashby — AI Engineer	Forward Deployed Engineer, Lead - LLM Post-training	Reflection	added
https://jobs.ashbyhq.com/firecrawl/bda40f47-a69b-44d4-ac1a-3f86f20d802d	2026-06-22	Ashby — AI Engineer	Forward Deployed Engineer	Firecrawl	added
https://jobs.ashbyhq.com/adaptive-ml/360ea776-27f1-4869-900f-6ebb78267aa2	2026-06-22	Ashby — AI Engineer	Forward Deployed AI Engineer	Adaptive ML	added
https://jobs.ashbyhq.com/kepler-ai/00a20d87-4fe6-4c05-bfe6-9add47e84c6e	2026-06-22	Ashby — AI Engineer	Forward Deployed Engineer	Kepler	added
https://jobs.ashbyhq.com/handshake/669082a2-5e60-4c45-92cc-ecd6228e62ee	2026-06-22	Ashby — AI Engineer	Staff Forward Deployed Engineer	Handshake	added
https://jobs.ashbyhq.com/intrinsic-safety/1f7eea06-129d-4cc8-8764-f3a36a5a7426	2026-06-22	Ashby — AI Engineer	Forward Deployed AI Engineer	Variance	added
https://jobs.ashbyhq.com/periodic-labs/dbac407f-a408-44a3-9e7a-895d42649edc	2026-06-22	Ashby — AI Engineer	Forward Deployed Engineer - LLM Systems	Periodic Labs	added
https://jobs.ashbyhq.com/periodic-labs/1bab7e17-20fd-4b82-a152-98b96375a626	2026-06-22	Ashby — AI Engineer	Forward Deployed Engineer, Physics & Simulation	Periodic Labs	skipped_title
https://jobs.ashbyhq.com/glacis-ai/feea2cb6-60db-4afa-8358-ba17d05d1cd5	2026-06-22	Ashby — Agentic	Founding Software Engineer - Agentic AI (Remote)	Glacis	added
https://jobs.ashbyhq.com/negotiate-ai/ef78d44d-f3b5-412a-964d-1ca13ff11ee7	2026-06-22	Ashby — Agentic	Founding Agentic AI Product Engineer	NegotiateAI	added
https://jobs.ashbyhq.com/oneapp/a85bb5aa-9683-4d67-84e5-5d3e4bacda59	2026-06-22	Ashby — Agentic	Platform Engineer (AI and Automation)	OnePay	added
https://jobs.ashbyhq.com/glacis-ai/e08f7cde-6b65-420a-874f-4cb7c906f1a2	2026-06-22	Ashby — Agentic	Agentic AI Engineering Intern	Glacis	skipped_title
https://jobs.ashbyhq.com/spoton/dfa64904-59fe-46a7-9370-e003e3113d3f	2026-06-22	Ashby — Agentic	Senior Software Engineer - Python/Typescript	SpotOn	skipped_title
https://jobs.ashbyhq.com/tessera-labs/0cb577c2-6cdd-4361-b1af-870ccfc9d792	2026-06-22	Ashby — Agentic	AI Agent Engineer	Tessera Labs	added
https://jobs.ashbyhq.com/agent/e36e9f74-0c4e-47a0-b324-d44bd598307b	2026-06-22	Ashby — Agentic	AI Engineer	Agent	added
https://jobs.ashbyhq.com/handshake/747bd14b-b957-4fca-b5bd-12d571f6886e	2026-06-22	Ashby — Agentic	Senior Software Engineer, Agentic Infrastructure	Handshake	added
https://job-boards.greenhouse.io/smartsheet/jobs/7833978	2026-06-22	Greenhouse — AI PM	Senior Product Manager - Applied AI (Remote)	Smartsheet	added
https://job-boards.greenhouse.io/sayari/jobs/4140623009	2026-06-22	Greenhouse — AI PM	Senior Product Manager, AI Platform (Remote)	Sayari	added
https://boards.greenhouse.io/toast/jobs/7673399	2026-06-22	Greenhouse — AI PM	Senior Product Manager, AI CSM (Remote)	Toast	added
https://job-boards.greenhouse.io/collectivei/jobs/4672023008	2026-06-22	Greenhouse — AI PM	Senior Product Manager (Remote)	Collective[i]	skipped_title
https://job-boards.greenhouse.io/affinity/jobs/7692719003	2026-06-22	Greenhouse — AI PM	Senior Product Manager, CRM	Affinity	skipped_title
https://job-boards.greenhouse.io/securityscorecard/jobs/7782217	2026-06-22	Greenhouse — AI PM	Senior Product Manager, AI	SecurityScorecard	added
https://job-boards.greenhouse.io/isccareers/jobs/4685310005	2026-06-22	Greenhouse — AI PM	Senior AI Product Manager (Remote)	ISC	added
https://job-boards.greenhouse.io/remotecom/jobs/6909477003	2026-06-22	Greenhouse — AI PM	Senior Product Manager, Remote Build	Remote.com	skipped_title
https://job-boards.greenhouse.io/hopskipdrive/jobs/5596670004	2026-06-22	Greenhouse — AI PM	Senior Product Manager, AI (Remote)	HopSkipDrive	added
https://job-boards.greenhouse.io/abbyy/jobs/4870924101	2026-06-22	Greenhouse — AI PM	Senior Product Manager, AI	ABBYY	added
https://job-boards.greenhouse.io/jetbrains/jobs/4880987101	2026-06-22	Greenhouse — SA & FDE	Lead Forward Deployed Engineer (AI-Native Software Development)	JetBrains	added
https://job-boards.greenhouse.io/smartsheet/jobs/7930145	2026-06-22	Greenhouse — SA & FDE	Sr. Forward Deployed AI Engineer (Remote Eligible - UK)	Smartsheet	added
https://job-boards.greenhouse.io/caylent/jobs/5973733004	2026-06-22	Greenhouse — SA & FDE	Forward Deployed Engineer / Agentic Architect	Caylent	added
https://job-boards.greenhouse.io/smartsheet/jobs/7798778	2026-06-22	Greenhouse — SA & FDE	Senior Forward Deployed AI Engineer (Remote Eligible)	Smartsheet	added
https://job-boards.greenhouse.io/devrev/jobs/5528192004	2026-06-22	Greenhouse — SA & FDE	Forward Deployed Architect	DevRev	added
https://job-boards.greenhouse.io/fireworksai/jobs/4059100009	2026-06-22	Greenhouse — SA & FDE	Solutions Architect	Fireworks AI	added
https://job-boards.greenhouse.io/workato/jobs/8320989002	2026-06-22	Greenhouse — SA & FDE	Senior Forward Deployed Engineer	Workato	added
https://job-boards.greenhouse.io/gitlab/jobs/8468149002	2026-06-22	Greenhouse — SA & FDE	Solutions Architect, AI + Security & Compliance (EMEA)	GitLab	added
https://job-boards.greenhouse.io/guidepointsecurity/jobs/5691976004	2026-06-22	Greenhouse — SA & FDE	Generative AI Solution Engineer (Remote)	GuidePoint Security	added
https://job-boards.greenhouse.io/nearform/jobs/7644791003	2026-06-22	Greenhouse — SA & FDE	Forward Deployed Engineer (Ireland, Remote + Travel)	Nearform	added
https://job-boards.greenhouse.io/grafanalabs/jobs/6092955004	2026-06-22	Greenhouse — AI Engineer	Senior AI Engineer (US Remote)	Grafana Labs	added
https://job-boards.greenhouse.io/nearform/jobs/7619114003	2026-06-22	Greenhouse — AI Engineer	Forward Deployed Engineer (USA, Remote + Travel)	Nearform	added
https://job-boards.greenhouse.io/shipbobinc/jobs/4638574005	2026-06-22	Greenhouse — AI Engineer	Applied AI Engineer, Agentic Systems	ShipBob	added
https://job-boards.greenhouse.io/dataiku/jobs/6002762004	2026-06-22	Greenhouse — AI Engineer	Generative AI Engineer	Dataiku	added
https://job-boards.greenhouse.io/grafanalabs/jobs/6092954004	2026-06-22	Greenhouse — AI Engineer	Senior AI Engineer (Canada Remote)	Grafana Labs	added
https://job-boards.greenhouse.io/nearform/jobs/7619129003	2026-06-22	Greenhouse — AI Engineer	Forward Deployed Engineer (UK, Remote + Travel)	Nearform	added
https://job-boards.greenhouse.io/nebius/jobs/4381327101	2026-06-22	Greenhouse — AI Engineer	Senior / Staff ML Engineer (LLMs and Agentic Systems)	Nebius	added
https://job-boards.greenhouse.io/spacex/jobs/8559015002	2026-06-22	Greenhouse — AI Engineer	AI Software Engineer (Vehicle Engineering)	SpaceX	skipped_title
https://job-boards.greenhouse.io/builtin/jobs/7855050	2026-06-22	Greenhouse — AI Engineer	Applied AI Engineer (Agentic Systems - India)	Built In	skipped_title
https://jobs.lever.co/provectus/5499978e-1687-4cc6-a8c4-cc86d13bc9b0	2026-06-22	Lever — AI PM	Senior Technical Solution Owner/Product Manager (AI & Data Platforms)	Provectus	added
https://jobs.lever.co/useinsider/fdfa3283-fee9-4a1e-aa01-769c42ae1ac3	2026-06-22	Lever — AI PM	AI Product Manager - B2B SaaS (Remote)	Insider	added
https://jobs.lever.co/levelai/0fae94f5-a0e9-43e1-b57a-7df2422d68cf	2026-06-22	Lever — AI PM	Solutions Architect (Remote)	Level AI	added
https://jobs.lever.co/insiderone/0ac29396-b964-4725-878c-6bac813280d6	2026-06-22	Lever — AI PM	AI Product Manager - B2B SaaS (Remote)	Insider One	skipped_dup
https://jobs.lever.co/jobgether/b1448695-b2da-4144-9a18-050cfa80db17	2026-06-22	Lever — AI PM	Remote Senior AI Product Manager	Jobgether	skipped_title
https://jobs.lever.co/smiledigitalhealth/73c97d3e-e3d0-4421-bcd5-6b51b131229e	2026-06-22	Lever — AI PM	Manager, Solution Architecture (Remote)	Smile Digital Health	skipped_title
https://jobs.lever.co/asapp-2/f1cd2ba0-db85-4ae4-aa59-12f3f47f1125	2026-06-22	Lever — AI PM	Principal Enterprise Architect	ASAPP	skipped_title
https://jobs.lever.co/mistral/b5b565a0-533a-43c3-b232-114138422cb0	2026-06-22	Lever — AI PM	AI Solution Architect, Pre-sales (Palo Alto)	Mistral AI	added
https://jobs.lever.co/noodle/05242068-702e-4166-9810-fb8c8801ef2c	2026-06-22	Lever — AI PM	AI Product Manager	Noodle	added
https://jobs.lever.co/zartis/edbc1f05-04c5-461b-a0d1-d569e8d1dfc4	2026-06-22	Lever — AI Roles	AI Engineer	Zartis	added
https://jobs.lever.co/zartis/5ef59203-dbe0-45e5-80ec-0fd95daa0fd2	2026-06-22	Lever — AI Roles	GenAI Architect	Zartis	added
https://jobs.lever.co/jobgether/1c38f6f2-7a81-441b-b244-e1a6fad70c2f	2026-06-22	Lever — AI Roles	Senior AI Engineer, Development	Jobgether	skipped_title
https://jobs.lever.co/thinkahead/e9349a95-65b6-43e8-9c45-12bb8dd6483b	2026-06-22	Lever — AI Roles	AI Principal Technical Consultant, AI Services	AHEAD	added
https://jobs.lever.co/RadicalAI/fdc7465f-a4e4-4b09-836e-7fe12c37b493	2026-06-22	Lever — AI Roles	Data Engineer	Radical AI	skipped_title
https://jobs.lever.co/miteksystems-2/82e2dc07-abd5-4785-a275-2b8f398461bb	2026-06-22	Lever — AI Roles	Sr. AI Engineer	Mitek Systems	added
https://jobs.lever.co/provectus/c352f349-8e21-42f3-a0f2-00a925a93a70	2026-06-22	Lever — AI Roles	Generative AI Tech Lead (LLMs, MLOps, AWS)	Provectus	added
https://jobs.lever.co/bluelightconsulting/89c314c1-4e6e-4b41-87ba-61a9ea3bc5d6	2026-06-22	Lever — AI Roles	Agentic AI Solutions Architect (Remote - Latin America)	Bluelight Consulting	added
https://wellfound.com/jobs/3358090-product-manager	2026-06-22	Wellfound — AI PM	AI Product Manager	JWP	skipped_title
https://wellfound.com/jobs/3935668-ai-product-manager	2026-06-22	Wellfound — AI PM	AI Product Manager	Arize AI	added
https://wellfound.com/jobs/3228992-associate-product-manager-ai-team	2026-06-22	Wellfound — AI PM	Associate Product Manager - AI Team	Certa	skipped_title
https://wellfound.com/jobs/3990242-product-manager-ai	2026-06-22	Wellfound — AI PM	Product Manager, AI	YipitData	added
https://apply.workable.com/leadtech/j/A83B949324	2026-06-22	Workable — AI Roles	AI Product Manager (Remote)	Leadtech	added
https://apply.workable.com/arcsite/j/820E8B4B9E	2026-06-22	Workable — AI Roles	Senior Product Manager (AI & Workflow Automation)	ArcSite	added
https://apply.workable.com/workana-premium/j/F2D38604B7	2026-06-22	Workable — AI Roles	Product Owner / Product Manager - AI Product	Workana	skipped_title
https://apply.workable.com/ottimate/j/51353CA6F8	2026-06-22	Workable — AI Roles	Director of AI Engineering	Ottimate	skipped_title
https://apply.workable.com/enroute/j/4040CDFA91	2026-06-22	Workable — AI Roles	AI Solutions Architect - Python, APIs & LLM Integrations	Enroute	added
https://apply.workable.com/zyte/j/35E0AE7392	2026-06-22	Workable — AI Roles	Technical Product Manager / Owner - AI (Remote)	Zyte	added
https://apply.workable.com/tp-link-usa-corp/j/9E78368B99	2026-06-22	Workable — AI Roles	Senior Product Manager, Tapo App Experience & AI	TP-Link	skipped_title
https://jobs.ashbyhq.com/n8n/788662b7-6b2b-4b07-b466-bf131fd95d08	2026-06-22	Ashby — No-Code & Automation	Senior Solutions Engineer (East Coast - Remote)	n8n	added
https://jobs.ashbyhq.com/n8n/7ab55fc3-dee1-4fe4-aa6f-8c71417850f6	2026-06-22	Ashby — No-Code & Automation	Senior Engineer I-II, Core Workflow Engine (Remote Europe)	n8n	skipped_title
https://jobs.ashbyhq.com/n8n/92208273-951b-4388-935b-037624fe1725	2026-06-22	Ashby — No-Code & Automation	Senior Solutions Engineer (Remote Europe)	n8n	added
https://jobs.ashbyhq.com/n8n/69607328-f9fa-4788-8a6e-8b2d7a102969	2026-06-22	Ashby — No-Code & Automation	Senior AI Engineer (Europe Remote)	n8n	added
https://jobs.ashbyhq.com/n8n/1d732234-b364-4c5c-b4fd-ae584e0b7992	2026-06-22	Ashby — No-Code & Automation	Senior Support Engineer (Europe Remote)	n8n	skipped_title
https://jobs.ashbyhq.com/n8n/a79aa548-6381-4c08-a4e4-f024435f9db9	2026-06-22	Ashby — No-Code & Automation	Senior Product Engineer (TS/NodeJS/Vue - Europe Remote)	n8n	skipped_title
https://jobs.ashbyhq.com/menlo/e3429e5d-26c3-45d7-8898-9c5870930656	2026-06-22	Ashby — No-Code & Automation	Product Manager, Platform	Menlo	skipped_title
https://job-boards.greenhouse.io/trmlabs/jobs/5631209004	2026-06-22	Greenhouse — No-Code & Automation	Senior Business Process Automation Engineer	TRM Labs	added
https://job-boards.greenhouse.io/lendingtree/jobs/7550936	2026-06-22	Greenhouse — No-Code & Automation	Sr. AI Platform Engineer	LendingTree	added
https://job-boards.greenhouse.io/life360/jobs/8546743002	2026-06-22	Greenhouse — No-Code & Automation	Senior IT Systems Engineer II (AI Native)	Life360	skipped_title
https://job-boards.greenhouse.io/later/jobs/8562535002	2026-06-22	Greenhouse — No-Code & Automation	Senior AI Automation Engineer	Later	added
https://job-boards.greenhouse.io/workato/jobs/8516229002	2026-06-22	Greenhouse — No-Code & Automation	Staff Automation Engineer	Workato	added
https://job-boards.greenhouse.io/ezcaterinc/jobs/5163244007	2026-06-22	Greenhouse — No-Code & Automation	Staff GRC Engineer (Remote)	ezCater	skipped_title
https://job-boards.greenhouse.io/guidepointsecurity/jobs/6017633004	2026-06-22	Greenhouse — No-Code & Automation	Senior Security Automation Engineer (SOAR)	GuidePoint Security	skipped_title
https://job-boards.greenhouse.io/gitlab/jobs/8548545002	2026-06-22	Greenhouse — No-Code & Automation	Senior AI Engineer	GitLab	added
https://job-boards.greenhouse.io/saasgroup/jobs/4774181101	2026-06-22	Greenhouse — No-Code & Automation	Senior IT Systems & Automation Engineer	saas.group	added
https://job-boards.greenhouse.io/airtable/jobs/8536588002	2026-06-22	GTM Engineer — All portals	GTM Engineer	Airtable	added
https://job-boards.greenhouse.io/speechify/jobs/5989934004	2026-06-22	Voice AI — FDE & SA	Go-to-Market Engineer	Speechify	skipped_title
https://jobs.ashbyhq.com/clera/351ba91b-8da5-48de-9f0f-6fd6dbd392bd	2026-06-22	Voice AI — FDE & SA	Forward Deployed Engineer (Founding Customer Engineer)	Clera	added
https://jobs.ashbyhq.com/decagon/8c40fb7a-5f25-4112-a1df-f1c22b81042c	2026-06-22	Voice AI — FDE & SA	Customer Engineer, Agent Builder	Decagon	added
https://job-boards.greenhouse.io/anthropic/jobs/5172245008	2026-06-22	Voice AI — FDE & SA	Senior/Staff+ Software Engineer, Voice Platform	Anthropic	added
https://job-boards.greenhouse.io/assemblyai/jobs/4693817005	2026-06-22	Voice AI — FDE & SA	Forward Deployed Engineer, Onboarding	AssemblyAI	added
https://job-boards.greenhouse.io/anthropic/jobs/4985877008	2026-06-22	FDE & Deployed Engineer — All portals	Forward Deployed Engineer, Applied AI	Anthropic	added
https://jobs.ashbyhq.com/elevenlabs/6c4c57c1-ec72-42ba-af3a-eb7aebbde2e6	2026-06-22	FDE & Deployed Engineer — All portals	Forward Deployed Engineer - Software Engineer	ElevenLabs	added
https://jobs.ashbyhq.com/fireworks.ai/da851441-e231-4205-9717-3aa860bed6fe	2026-06-22	FDE & Deployed Engineer — All portals	Forward Deployed Engineer	Fireworks AI	added
https://jobs.ashbyhq.com/clarasight/573af661-9302-4381-8ddd-9db58674ebe3	2026-06-22	FDE & Deployed Engineer — All portals	Forward Deployed Engineer	Clarasight	added
https://jobs.lever.co/agiloft/eee3e496-50f3-4495-a54e-852ee56c6bcb	2026-06-22	FDE & Deployed Engineer — All portals	Forward Deployed Engineer - AI Solutions	Agiloft	added
https://jobs.lever.co/thinkahead/ed0d01dc-3cf0-4693-b770-560609612056	2026-06-22	FDE & Deployed Engineer — All portals	AI Practitioner/Forward Deployed Engineer	AHEAD	added
https://jobs.ashbyhq.com/tenexlabs/2a359a2a-d5ed-48e8-96b8-b93826110ee9	2026-06-22	FDE & Deployed Engineer — All portals	Forward Deployed Engineer	Tenex	added
https://www.remotefront.com/remote-jobs/make-senior-typescript-ai-engineer-r9gpf	2026-06-22	RemoteFront — AI & Automation	Senior TypeScript AI Engineer	Make	added
https://www.remotefront.com/remote-jobs/booz-allen-hamilton-rpa-developer-mclean-va-2wanw	2026-06-22	RemoteFront — AI & Automation	RPA Developer	Booz Allen Hamilton	skipped_title
https://www.remotefront.com/remote-jobs/zoom-ai-engineer-agentic-verticals-slzmb	2026-06-22	RemoteFront — AI & Automation	AI Engineer - Agentic Verticals	Zoom	added
https://www.remotefront.com/remote-jobs/evolutioniq-software-engineer-ai-llm-hz12u	2026-06-22	RemoteFront — AI & Automation	Senior AI/Machine Learning Engineer - LLMs	EvolutionIQ	added
https://www.remotefront.com/remote-jobs/evolutioniq-senior-software-engineer-ai-llm-a2eml	2026-06-22	RemoteFront — AI & Automation	Senior Software Engineer - AI / LLM	EvolutionIQ	added
https://www.remotefront.com/remote-jobs/booz-allen-hamilton-agentic-ai-machine-learning-engineer-9eyx3	2026-06-22	RemoteFront — AI & Automation	Agentic AI Machine Learning Engineer	Booz Allen Hamilton	skipped_title
https://jobs.lever.co/mistral/aceffeba-c4e9-4b3b-adff-e7e78b986c5c	2026-06-22	Mistral AI websearch	Applied AI Engineer, Fullstack - EMEA	Mistral AI	added
https://jobs.lever.co/mistral/c79ff8ed-6689-4dda-aec6-979a5dc767d0	2026-06-22	Mistral AI websearch	AI Engineer, Product	Mistral AI	added
https://jobs.lever.co/mistral/e2cf255f-49c8-4630-afe0-7f665f51f01f	2026-06-22	Mistral AI websearch	Applied AI - Technical Lead, Forward Deployed AI Engineer (EMEA)	Mistral AI	added
https://jobs.lever.co/mistral/ca22a1ac-c87e-4463-914a-6753ca79318c	2026-06-22	Mistral AI websearch	Product Manager, Cloud Partnerships	Mistral AI	added
https://jobs.lever.co/mistral/77f6fd1b-65cf-45d8-9b68-594c62732f62	2026-06-22	Mistral AI websearch	Applied AI - Forward Deployed ML Engineer (EMEA)	Mistral AI	added
https://jobs.lever.co/mistral/0b476d3a-5f0c-4dda-9a5e-bd5ed8515328	2026-06-22	Mistral AI websearch	Applied AI - Forward Deployed ML Engineer (Palo Alto)	Mistral AI	added
https://jobs.lever.co/mistral/9a6c0605-8beb-4122-99c8-ae96beea691b	2026-06-22	Mistral AI websearch	Solutions Architect, Partner - EMEA	Mistral AI	added
https://jobs.lever.co/mistral/3e51d533-1f2d-48e3-9a2b-33fc7e8b0c0c	2026-06-22	Mistral AI websearch	Applied AI Engineer, ML Infrastructure Engineer / Devops - EMEA	Mistral AI	skipped_title
https://jobs.lever.co/mistral/c08c3a0f-9899-4e6c-8195-8b1cc24c56ff	2026-06-22	Mistral AI websearch	Product Manager, Context & Search	Mistral AI	added
https://jobs.ashbyhq.com/decagon/c6201aeb-a752-4187-ac7f-654fc86bcdf8	2026-06-22	Decagon websearch	Director of Solutions Engineering, Strategic	Decagon	added
https://jobs.ashbyhq.com/decagon/73ef8e9d-a6b3-4817-ab02-893c4ac72bad	2026-06-22	Decagon websearch	Senior Solutions Engineer	Decagon	added
https://jobs.ashbyhq.com/bland/5e0347dd-eb4b-4820-9878-99a2cb766893	2026-06-22	Bland websearch	AI Solutions Engineer	Bland AI	added
https://jobs.ashbyhq.com/bland/1b6ba073-5a7a-45ad-afb8-f12dbc6eab7a	2026-06-22	Bland websearch	AI Deployment Engineer	Bland AI	added
https://jobs.ashbyhq.com/bland/ea36f098-6e2a-4736-80ed-f67741829cf0	2026-06-22	Bland websearch	Forward Deployed Engineer	Bland AI	added
https://jobs.ashbyhq.com/bland-ai/575de8d7-78b2-46f1-b5f2-e9d8d54d28cd	2026-06-22	Bland websearch	Solutions Engineer	Bland AI	added
https://jobs.ashbyhq.com/bland/3579f06d-f74a-45e2-94e2-4048aad95a7c	2026-06-22	Bland websearch	Customer Engineer	Bland AI	added
https://jobs.ashbyhq.com/deepgram/8884965c-8a55-414c-ba86-a52d527f5dff	2026-06-22	Deepgram websearch	Solutions Engineer, Enterprise	Deepgram	added
https://openai.com/careers/forward-deployed-engineer-(fde)-sf-san-francisco/	2026-06-22	OpenAI websearch	Forward Deployed Engineer (FDE) - SF	OpenAI	added
https://openai.com/careers/forward-deployed-engineer-(fde)-nyc-new-york-city/	2026-06-22	OpenAI websearch	Forward Deployed Engineer (FDE) - NYC	OpenAI	added
https://openai.com/careers/forward-deployed-engineer-gov-washington-dc/	2026-06-22	OpenAI websearch	Forward Deployed Engineer, Gov	OpenAI	added
https://openai.com/careers/forward-deployed-engineer-semiconductor-san-francisco/	2026-06-22	OpenAI websearch	Forward Deployed Engineer - Semiconductor	OpenAI	skipped_title
https://openai.com/careers/forward-deployed-software-engineer-sf-san-francisco/	2026-06-22	OpenAI websearch	Forward Deployed Software Engineer - SF	OpenAI	added
https://openai.com/careers/forward-deployed-software-engineer-seattle-seattle/	2026-06-22	OpenAI websearch	Forward Deployed Software Engineer - Seattle	OpenAI	added
https://openai.com/careers/forward-deployed-engineer-paris-paris-france/	2026-06-22	OpenAI websearch	Forward Deployed Engineer - Paris	OpenAI	added
https://openai.com/careers/forward-deployed-software-engineer-nyc-new-york-city/	2026-06-22	OpenAI websearch	Forward Deployed Software Engineer - NYC	OpenAI	added
https://jobs.ashbyhq.com/n8n/d195a389-6af5-4b95-82e5-2258953c7297	2026-06-22	n8n websearch	Sr AI Engineer (Remote - Europe)	n8n	added
https://jobs.ashbyhq.com/n8n/53da0231-00c9-4aae-80e3-16d3a93c3381	2026-06-22	n8n websearch	Senior Solutions Engineer (West Coast - Remote)	n8n	added
https://jobs.ashbyhq.com/zapier/cac70300-4e62-4299-bc34-aab69e7498f4	2026-06-22	Zapier websearch	AI Automation Expert	Zapier	added
https://jobs.ashbyhq.com/zapier/9cf9a8b4-71f0-42e0-ace4-63ddc2ab6b6e	2026-06-22	Zapier websearch	Sr. Product Manager, Workflow Runner	Zapier	added
https://jobs.ashbyhq.com/cohere/2a179d34-c391-48bd-b2a3-b04f468a3840	2026-06-22	Cohere websearch	Product Manager, Search and Embeddings	Cohere	added
https://jobs.ashbyhq.com/cohere/3afa6212-444d-4028-9f71-9a44aaa24a1d	2026-06-22	Cohere websearch	Senior Product Manager, Code	Cohere	skipped_title
https://jobs.ashbyhq.com/cohere/1d1b300d-254b-48c4-958f-99c6b907f295	2026-06-22	Cohere websearch	Product Manager, Agent Harness & Modelling	Cohere	added
https://jobs.ashbyhq.com/cohere/a8122632-cc3b-4a1a-bd78-4b4b9466cb38	2026-06-22	Cohere websearch	Product Manager, Safety Research	Cohere	skipped_title
https://jobs.ashbyhq.com/cohere/d9d2740b-8869-462d-85df-21c1941bc13d	2026-06-22	Cohere websearch	Product Manager, Native Experience & Growth	Cohere	skipped_title
https://jobs.ashbyhq.com/langchain/27af5f96-b287-4bcc-8679-f96686dc7c8d	2026-06-22	LangChain websearch	Product Manager, LangSmith	LangChain	added
https://jobs.ashbyhq.com/pinecone/24f9a4e3-472d-4e63-908c-2653c0d8b612	2026-06-22	Pinecone websearch	Principal Product Manager, Knowledge	Pinecone	added
https://jobs.ashbyhq.com/harvey/24f97125-c406-4ae3-9f94-07dd1310e511	2026-06-22	FDE cross-portal	Founding Forward Deployed Engineer	Harvey	added
https://jobs.ashbyhq.com/notion/10437426-14c8-4c45-8075-67959ce80393	2026-06-22	FDE cross-portal	Forward Deployed Engineer, GTM	Notion	added
https://jobs.ashbyhq.com/sandboxaq/24f6e875-5e3f-4601-8a6e-74ee542c3cb5	2026-06-22	FDE cross-portal	Staff Forward Deployed Engineer	SandboxAQ	added
https://jobs.ashbyhq.com/tenexlabs/804ccd47-203b-4b1b-a642-ff585285b3be	2026-06-22	FDE cross-portal	Forward Deployed Engineer	Tenex	skipped_dup
https://jobs.ashbyhq.com/webai/9cb245f4-2c27-4262-9067-ae3aae26a404	2026-06-22	FDE cross-portal	Forward Deployed AI Engineer	webAI	added
https://jobs.ashbyhq.com/elevenlabs/5881bc5d-765a-430e-9d28-7d598a0e1a03	2026-06-22	ElevenLabs websearch	Full-Stack Growth Engineer	ElevenLabs	skipped_title
https://jobs.ashbyhq.com/elevenlabs/3d650946-5ac2-4729-9ae4-129c43fcd0b5	2026-06-22	ElevenLabs websearch	Research Engineer	ElevenLabs	skipped_title
https://jobs.ashbyhq.com/elevenlabs/31f96e8f-4501-49da-8486-36657f430b8e	2026-06-22	ElevenLabs websearch	Front-End Engineer	ElevenLabs	skipped_title
https://jobs.ashbyhq.com/elevenlabs/db88ce4f-44a0-425c-88c4-1951c467c627	2026-06-22	ElevenLabs websearch	Developer Community Growth	ElevenLabs	skipped_title
https://jobs.ashbyhq.com/elevenlabs/6d3333c9-fdec-401c-bacf-b9d2436d688f	2026-06-22	ElevenLabs websearch	AI Safety Engineer	ElevenLabs	added
https://jobs.ashbyhq.com/elevenlabs/c7d59014-b918-4c15-ae33-79f5c9f2cf9f	2026-06-22	ElevenLabs websearch	Full-Stack Engineer (Back-End Leaning)	ElevenLabs	skipped_title
https://jobs.ashbyhq.com/attio/cf068f31-891d-4646-b95f-09f9700543d7	2026-06-22	Attio websearch	Staff Product Engineer	Attio	skipped_title
https://jobs.ashbyhq.com/attio/51876281-f2ca-4375-b07d-af54544fc27c	2026-06-22	Attio websearch	Product Lead	Attio	skipped_title
https://jobs.ashbyhq.com/hive.co/fe239cd6-2467-42a6-bb0a-f5fcec17de2d	2026-06-23	Ashby — AI PM	Senior AI Product Manager	hive.co	added
https://jobs.ashbyhq.com/Ment/6af78f81-ca51-49bc-a530-974dca9928c6	2026-06-23	Ashby — AI PM	AI Product Manager	Ment	added
https://jobs.ashbyhq.com/oscilar/d32ee038-0f64-406e-a2c8-a83de9fe6b61	2026-06-23	Ashby — AI PM	Product Manager	Oscilar	skipped_title
https://jobs.ashbyhq.com/9fin/ffe01dfd-0d71-43ee-bf04-ae2876f62c22	2026-06-23	Ashby — AI PM	Senior AI Product Manager	9fin	added
https://jobs.ashbyhq.com/poetic/ca54fd9a-55eb-45ae-ba48-f666747a24e8	2026-06-23	FDE cross-portal	Forward Deployed Engineer	Poetic	added
https://jobs.ashbyhq.com/openai/cf31f5f6-4e67-4695-808c-9cdd2e1fa3b1	2026-06-23	FDE cross-portal	Forward Deployed Engineer (FDE) - NYC	OpenAI	added
https://jobs.ashbyhq.com/openai/d2ab1c9b-5c0c-4b43-a7c3-c9301854c023	2026-06-23	FDE cross-portal	Forward Deployed Engineer (FDE), Life Sciences - London	OpenAI	added
https://jobs.ashbyhq.com/openai/c6e5f4a6-8ab1-4653-be9d-e2bca259e84a	2026-06-23	FDE cross-portal	Forward Deployed Engineer (FDE), Life Sciences - SF	OpenAI	added
https://jobs.ashbyhq.com/openai/55e611d8-b284-458e-908c-baccd091d0c0	2026-06-23	FDE cross-portal	Forward Deployed Engineer (FDE), Life Sciences - NYC	OpenAI	added
https://jobs.ashbyhq.com/openai/a3bfefb4-ef77-4a49-a644-92104ca83c2c	2026-06-23	FDE cross-portal	Forward Deployed Engineer (FDE), Life Sciences - Munich	OpenAI	added
https://jobs.ashbyhq.com/openai/9b3f6bfd-2b8a-4de1-b05f-65ea74b736fa	2026-06-23	FDE cross-portal	Forward Deployed Engineer (FDE), Life Sciences - Paris	OpenAI	added
https://jobs.ashbyhq.com/openai/dc17edac-2993-4318-812a-14864c6f4658	2026-06-23	FDE cross-portal	Forward Deployed Engineer (FDE) - Seattle	OpenAI	added
https://jobs.ashbyhq.com/ramp/a4d92b2a-bda6-439e-ba72-3a23e41e495f	2026-06-23	FDE cross-portal	Forward Deployed Operations	Ramp	added
https://jobs.ashbyhq.com/montecarlodata/be0320e9-f13f-4470-80a1-db9b8c9a6bb2	2026-06-23	FDE cross-portal	Applied Forward Deployed Engineer (FDE)	Monte Carlo	added
https://jobs.ashbyhq.com/truelogic/cee25dcf-9a7f-474b-9724-abb510bc3968	2026-06-23	FDE cross-portal	Forward Deployed Engineer (FDE) - Technology	Truelogic	added
https://jobs.ashbyhq.com/zapier/9c09aca7-3abb-49ae-acd7-d12d35188a1d	2026-06-23	Zapier websearch	Engineering Manager, Agents	Zapier	added
https://jobs.ashbyhq.com/langchain/17264d5c-0ca3-4c26-9683-dd9b020cc155	2026-06-23	LangChain websearch	Deployed Engineer	LangChain	added
https://jobs.ashbyhq.com/langchain/e773649c-4ea7-47c2-9987-74d525474e82	2026-06-23	LangChain websearch	Deployed Engineer (Bay Area)	LangChain	added
https://jobs.ashbyhq.com/langchain/c75915ba-a32b-4e17-873d-19b47564170d	2026-06-23	LangChain websearch	Fullstack Software Engineer, Applied AI	LangChain	added
https://jobs.ashbyhq.com/langchain/72983221-b456-43e1-8a68-d8d4dab3a4f7	2026-06-23	LangChain websearch	AI Engineer	LangChain	added
https://jobs.ashbyhq.com/langchain/0f8d1529-fcf7-4291-9f76-d0b01c2b7614	2026-06-23	LangChain websearch	Flagship Events & Experiences Lead	LangChain	skipped_title
https://jobs.ashbyhq.com/langchain/e725293d-c27b-4a79-959d-19f5618f2f8e	2026-06-23	LangChain websearch	Developer Productivity	LangChain	skipped_title
https://jobs.ashbyhq.com/langchain/960828f4-45ed-4925-97ad-28384c4311cc	2026-06-23	LangChain websearch	Web Lead	LangChain	skipped_title
https://jobs.ashbyhq.com/langchain/0b5c9efa-aec8-451d-a24a-a54865c46924	2026-06-23	LangChain websearch	Developer Advocate, LangSmith	LangChain	skipped_title
https://jobs.ashbyhq.com/langchain/c09fd1a4-3d40-4ac0-9df4-a44e7ba416a1	2026-06-23	LangChain websearch	Brand Lead	LangChain	skipped_title
https://jobs.ashbyhq.com/pinecone/54015b8b-a7f2-4de0-a6c5-ddbd16e5a327	2026-06-23	Pinecone websearch	Staff Product Manager, AI Search & Relevance	Pinecone	added
https://jobs.ashbyhq.com/pinecone/c32536e0-80f6-46bc-81f0-f5a05f28436c	2026-06-23	Pinecone websearch	Account Executive, ISV & Enterprise Sales	Pinecone	skipped_title
https://jobs.ashbyhq.com/pinecone/773e953d-8f53-4313-93b4-35a553bad1cb	2026-06-23	Pinecone websearch	Senior Software Engineer, Experience Platform	Pinecone	skipped_title
https://jobs.ashbyhq.com/pinecone/7d04ff39-b62e-4d9d-91c1-6b37d0f425da	2026-06-23	Pinecone websearch	Senior Software Engineer, AI Search Team	Pinecone	skipped_title
https://jobs.ashbyhq.com/pinecone/4433b308-1ff4-4b5f-9184-810e5d9844f6	2026-06-23	Pinecone websearch	Staff Developer Advocate	Pinecone	skipped_title
https://jobs.ashbyhq.com/bland/804fbd27-027e-4de5-8a6f-77241a65e599	2026-06-23	Bland websearch	Customer Engineer	Bland AI	added
https://jobs.ashbyhq.com/bland/d1dcbd1e-a353-4e50-8616-fef444af4cca	2026-06-23	Bland websearch	Growth Coordinator	Bland AI	skipped_title
https://jobs.ashbyhq.com/bland/05906608-0628-412c-8b01-a050d87986c5	2026-06-23	Bland websearch	Machine Learning Engineer	Bland AI	skipped_title
https://jobs.ashbyhq.com/bland-ai/c54a02e7-307e-47d1-ae44-c0e20aac67e5	2026-06-23	Bland websearch	Founding Product Designer	Bland AI	skipped_title
https://jobs.ashbyhq.com/bland-ai/37225ad2-9a0a-43a7-9acc-3bd0b8ae1fce	2026-06-23	Bland websearch	UX/UI Developer	Bland AI	skipped_title
https://jobs.ashbyhq.com/decagon/c2ea9bd2-7a20-4fbb-b301-5e587415baeb	2026-06-23	Decagon websearch	Founder's Office, Applied AI	Decagon	added
https://jobs.ashbyhq.com/decagon/b7f9e1bd-94a0-4c78-a712-d3712bff3df1	2026-06-23	Decagon websearch	Partnerships, System Integrators Lead	Decagon	skipped_title
https://jobs.ashbyhq.com/decagon/aa9c9d2a-aba9-429e-bf91-8303247fbcd6	2026-06-23	Decagon websearch	Agent Software Engineer - Intern (Summer 2026)	Decagon	skipped_title
https://jobs.ashbyhq.com/decagon/599cb90b-1d17-4509-a716-aa4f6952b43f	2026-06-23	Decagon websearch	Software Engineer, Agents	Decagon	skipped_title
https://jobs.ashbyhq.com/decagon/c309c767-3553-42e1-81ec-73cc3b88c2ce	2026-06-23	Decagon websearch	Founder's Office, Founder Associate	Decagon	skipped_title
https://jobs.ashbyhq.com/decagon/c1ac7d78-028b-451e-a10a-48c3c11308ea	2026-06-23	Decagon websearch	Senior Research Engineer	Decagon	skipped_title
https://jobs.ashbyhq.com/decagon/6660ae61-ae18-4b67-9cc2-6fb9ed0c088e	2026-06-23	Decagon websearch	Applied AI Engineer	Decagon	added
https://jobs.ashbyhq.com/decagon/1c206529-9d2d-4cbe-ba5a-d82067e32aa0	2026-06-23	Decagon websearch	Enablement Operations Manager	Decagon	skipped_title
https://jobs.ashbyhq.com/decagon/2868f423-918a-4ff5-b392-5f452f251105	2026-06-23	Decagon websearch	Software Engineer	Decagon	skipped_title
https://jobs.ashbyhq.com/n8n/1221b66d-ff24-451d-bf09-f2f70be33501	2026-06-23	n8n websearch	Engineering Manager, n8n	n8n	skipped_title
https://jobs.ashbyhq.com/n8n/a259b31d-3df5-4bc0-9feb-865e85016fba	2026-06-23	n8n websearch	GTM (German-speaking) Talent Pool	n8n	skipped_title
https://jobs.ashbyhq.com/n8n/9abdec0d-3e64-4902-be58-1e232442e2c8	2026-06-23	n8n websearch	Senior Talent Acquisition Partner, R&D	n8n	skipped_title
https://jobs.ashbyhq.com/n8n/7fd4d501-ce75-4c2c-9eb6-76854e973a6f	2026-06-23	n8n websearch	Director of Engineering	n8n	skipped_title
https://jobs.ashbyhq.com/n8n/3be2fb86-fcc6-45da-aa37-7032a20a63d5	2026-06-23	n8n websearch	Senior Partnerships Manager GSI (EMEA)	n8n	skipped_title
https://jobs.ashbyhq.com/n8n/0c78f102-f55d-449a-b202-05ca0a606cd9	2026-06-23	n8n websearch	Head of Data	n8n	skipped_title
https://jobs.ashbyhq.com/n8n/8be435cf-ccd8-4a79-b43a-2bb1418a73bc	2026-06-23	n8n websearch	Customer Marketing Manager	n8n	skipped_title
https://jobs.ashbyhq.com/n8n/3075bca2-cfaf-474a-9161-f0d190fbad53	2026-06-23	n8n websearch	Senior Product Engineer (Enterprise features)	n8n	skipped_title
https://jobs.ashbyhq.com/zapier/09153f8e-099e-46d0-abde-a7f95ea40b9d	2026-06-23	Zapier websearch	Sr. Data Scientist	Zapier	skipped_title
https://jobs.ashbyhq.com/zapier/f1dfbcc1-cd0e-43b1-a0d1-568a71d79d68	2026-06-23	Zapier websearch	Talent Community Form	Zapier	skipped_title
https://jobs.ashbyhq.com/zapier/68b635ca-0d12-4b3c-9404-3cc2a2f99274	2026-06-23	Zapier websearch	Account Executive, Enterprise	Zapier	skipped_title
https://jobs.ashbyhq.com/zapier/932b0202-d5e6-43ef-a5ca-22c802e761e0	2026-06-23	Zapier websearch	Manager/Sr. Manager, Global Support	Zapier	skipped_title
https://jobs.ashbyhq.com/zapier/fa3ccba9-dacd-4f78-b615-99f85dc02acd	2026-06-23	Zapier websearch	Data Engineer	Zapier	skipped_title
https://jobs.ashbyhq.com/zapier/e05deeaf-90b0-4083-ae95-a90d606bbeb8	2026-06-23	Zapier websearch	Manager, Enterprise Content Marketing	Zapier	skipped_title
https://job-boards.greenhouse.io/anthropic/jobs/5012991008	2026-06-23	Anthropic Greenhouse API	Forward Deployed Engineer	Anthropic	added
https://job-boards.greenhouse.io/anthropic/jobs/5074695008	2026-06-23	Anthropic Greenhouse API	Forward Deployed Engineer, Custom Agents	Anthropic	added
https://job-boards.greenhouse.io/anthropic/jobs/5126080008	2026-06-23	Anthropic Greenhouse API	Solutions Architect, National Security	Anthropic	added
https://job-boards.greenhouse.io/anthropic/jobs/5230755008	2026-06-23	Anthropic Greenhouse API	Manager of Applied AI Architecture, Startups	Anthropic	added
https://job-boards.greenhouse.io/anthropic/jobs/5017903008	2026-06-23	Anthropic Greenhouse API	Technical Deployment Lead	Anthropic	added
https://job-boards.greenhouse.io/anthropic/jobs/5099753008	2026-06-23	Anthropic Greenhouse API	Manager, Forward Deployed Engineering	Anthropic	added
https://job-boards.greenhouse.io/anthropic/jobs/5153754008	2026-06-23	Anthropic Greenhouse API	Technical Deployment Lead, Applied AI	Anthropic	added
https://job-boards.greenhouse.io/anthropic/jobs/5057647008	2026-06-23	Anthropic Greenhouse API	Applied AI Engineer, Enterprise Tech	Anthropic	added
https://job-boards.greenhouse.io/anthropic/jobs/5197538008	2026-06-23	Anthropic Greenhouse API	Manager of Applied AI Architecture, Enterprise Tech (Cyber)	Anthropic	added
https://job-boards.greenhouse.io/arizeai/jobs/5993317004	2026-06-23	Arize AI Greenhouse	Forward Deployed Engineer, APJ	Arize AI	added
https://job-boards.greenhouse.io/arizeai/jobs/6030953004	2026-06-23	Arize AI Greenhouse	Forward Deployed AI Engineer, West	Arize AI	added
https://job-boards.greenhouse.io/arizeai/jobs/6002637004	2026-06-23	Arize AI Greenhouse	Forward Deployed Engineer, US	Arize AI	added
https://job-boards.greenhouse.io/arizeai/jobs/5993755004	2026-06-23	Arize AI Greenhouse	AI Solutions Engineer, East	Arize AI	added
https://job-boards.greenhouse.io/arizeai/jobs/5396420004	2026-06-23	Arize AI Greenhouse	Senior AI Product Engineer, Fullstack	Arize AI	added
https://job-boards.greenhouse.io/arizeai/jobs/5980312004	2026-06-23	Arize AI Greenhouse	DevSecOps Engineer (TypeScript & Agentic AI)	Arize AI	added
https://job-boards.greenhouse.io/gleanwork/jobs/4702369005	2026-06-23	Glean Greenhouse	Product Manager, Enterprise Intelligence	Glean	added
https://job-boards.greenhouse.io/gleanwork/jobs/4669417005	2026-06-23	Glean Greenhouse	Machine Learning Engineer, LLM Evals & Observability	Glean	added
https://job-boards.greenhouse.io/gleanwork/jobs/4501783005	2026-06-23	Glean Greenhouse	Software Engineer, AI Infrastructure	Glean	skipped_title
https://job-boards.greenhouse.io/gleanwork/jobs/4632997005	2026-06-23	Glean Greenhouse	Machine Learning Engineer, Enterprise Brain	Glean	skipped_title
https://job-boards.greenhouse.io/temporaltechnologies/jobs/5134414007	2026-06-23	Temporal Greenhouse	Software Engineer - AI SDK	Temporal	skipped_title
https://job-boards.greenhouse.io/temporaltechnologies/jobs/5124710007	2026-06-23	Temporal Greenhouse	Staff Product Manager, Agent Platform	Temporal	added
https://job-boards.greenhouse.io/temporaltechnologies/jobs/5111563007	2026-06-23	Temporal Greenhouse	Staff Software Engineer, Builder Tools	Temporal	skipped_title
https://job-boards.greenhouse.io/temporaltechnologies/jobs/5083396007	2026-06-23	Temporal Greenhouse	Staff Solutions Architect - Germany	Temporal	added
https://job-boards.greenhouse.io/temporaltechnologies/jobs/5101118007	2026-06-23	Temporal Greenhouse	Senior Application Security Engineer	Temporal	skipped_title
https://job-boards.greenhouse.io/celonis/jobs/7731772003	2026-06-23	Greenhouse — No-Code & Automation	Senior Integration & Automation Engineer	Celonis	added
https://job-boards.greenhouse.io/backblaze/jobs/5234051008	2026-06-23	GTM Engineer — All portals	GTM Developer	Backblaze	added
https://job-boards.greenhouse.io/gitlab/jobs/8556658002	2026-06-23	Greenhouse — No-Code & Automation	Senior AI Engineer	GitLab	added
https://job-boards.greenhouse.io/life360/jobs/8546727002	2026-06-23	Greenhouse — No-Code & Automation	Senior IT Automation Engineer II (AI Native)	Life360	added
https://job-boards.greenhouse.io/intercom/jobs/7818586	2026-06-23	Intercom Greenhouse	Engineering Manager, AI Models Infrastructure	Intercom	skipped_title
https://job-boards.greenhouse.io/intercom/jobs/7742203	2026-06-23	Intercom Greenhouse	Principal Engineer, Fin AI Agent	Intercom	added
https://job-boards.greenhouse.io/vercel/jobs/5798406004	2026-06-23	Vercel Greenhouse	Software Engineer, AI Gateway	Vercel	added
https://jobs.lever.co/bounteous/e35304b8-a756-4989-befa-daf03225e188	2026-06-23	Lever — AI Roles	Applied AI Engineer	Bounteous	added
https://jobs.lever.co/blencorp/4b2e3689-9720-4785-b0fe-d09bd5325f74	2026-06-23	Lever — AI Roles	AI Engineer	BLEN	added
https://jobs.lever.co/mistral/a73cb128-b07e-437c-b82d-57b06661c52b	2026-06-23	Mistral AI websearch	Applied AI, Forward Deployed ML Engineer - Montreal	Mistral AI	added
https://openai.com/careers/design-verification-forward-deployed-engineering-san-francisco/	2026-06-23	OpenAI websearch	Design Verification, Forward Deployed Engineering	OpenAI	skipped_title
https://openai.com/careers/forward-deployed-engineer-tokyo-tokyo-japan/	2026-06-23	OpenAI websearch	Forward Deployed Engineer - Tokyo	OpenAI	added
https://apply.workable.com/united-field-services-inc/j/C61CD4A6D8	2026-06-23	Workable — AI Roles	Part-Time AI Product Manager	United Field Services	skipped_title
https://job-boards.greenhouse.io/mavenclinic/jobs/8599609002	2026-06-23	Greenhouse — AI PM	Senior Product Manager, Consumer	Maven Clinic	skipped_title
https://jobs.ashbyhq.com/Trunk%20Tools/627b9477-747e-44a0-a649-399e2f9b5ed9	2026-06-23	Ashby — Agentic	Sr. II ML Engineer	Trunk Tools	added
https://jobs.ashbyhq.com/onebrief/0017132a-4eaa-4a66-9704-3e2f6562bd17	2026-06-23	Ashby — Agentic	Outcome Engineer	Onebrief	skipped_title
https://jobs.ashbyhq.com/espa/4bb75392-550e-4637-8560-003650c621d6	2026-06-23	Ashby — Agentic	Founding Software Engineer	Espa Labs	skipped_title
https://jobs.lever.co/appzen/e4447f65-bc36-4286-9497-1bd0d6b1aa8a	2026-06-23	Lever — AI Roles	Manager, DevOps SRE & AI Infrastructure	AppZen	skipped_title
https://jobs.lever.co/brillio-2/bc9164d9-1f7e-481a-a6cb-eeb37eab1f52	2026-06-23	Lever — AI Roles	Principal Data Scientist	Brillio	skipped_title
https://job-boards.greenhouse.io/oura/jobs/4206045009	2026-06-23	Greenhouse — AI Engineer	Senior AI Scientist	Oura	added
https://job-boards.greenhouse.io/guidepointsecurity/jobs/6030474004	2026-06-23	Greenhouse — AI Engineer	AI Security Engineer	GuidePoint Security	added
https://jobs.ashbyhq.com/Deepgram/1395ef4d-883a-4006-85a1-4e7d44623431	2026-06-23	Deepgram websearch	Senior Pre-Sales Solutions Engineer	Deepgram	added
https://jobs.ashbyhq.com/Deepgram/b10db691-f77c-4a65-8f7c-ff9574f53f1e	2026-06-23	Deepgram websearch	Senior Solutions Engineer, Federal	Deepgram	added
https://jobs.ashbyhq.com/Deepgram/debebb24-ca65-48be-8370-fedfc4153f54	2026-06-23	Deepgram websearch	Senior Pre-Sales Solutions Engineer (NYC)	Deepgram	added
https://jobs.ashbyhq.com/Deepgram/844ec2d9-4256-4be0-a6c6-78ebf1391a78	2026-06-23	Deepgram websearch	Solutions Architect	Deepgram	added
https://jobs.ashbyhq.com/Deepgram/7ac1a5bc-f305-4f2a-a547-394566a549b2	2026-06-23	Deepgram websearch	Senior Pre-Sales Solutions Engineer (EMEA)	Deepgram	added
https://jobs.ashbyhq.com/deepgram/9cb09363-9b68-4957-869a-da70b95ad6bd	2026-06-23	Deepgram websearch	Solutions Architect (Applied Engineering) - EMEA	Deepgram	added
https://jobs.ashbyhq.com/deepgram/f904ff60-f5d1-45c7-8fa2-8456c47b4204	2026-06-23	Deepgram websearch	Pre-Sales Solutions Engineer (San Francisco)	Deepgram	added
https://jobs.ashbyhq.com/ramp/d204e136-2749-42de-82b4-88a0dd352090	2026-06-23	Ramp — AI Roles	Applied AI Engineer	Ramp	added
https://jobs.ashbyhq.com/notion/a6a91521-87cd-41aa-b800-24dc8808d375	2026-06-23	Notion websearch	Partner Solutions Engineer	Notion	added
https://jobs.ashbyhq.com/notion/3c0141de-06fb-4186-9cd4-75395f0b5488	2026-06-23	Notion websearch	Manager, Solutions Engineering, Mid-Market	Notion	added
https://jobs.ashbyhq.com/notion/fede5201-c97f-4492-bfa6-66da7afbb068	2026-06-23	Notion websearch	Solutions Engineer, Commercial	Notion	added
https://jobs.ashbyhq.com/notion/17330e14-83db-49a4-ae31-411690d97dba	2026-06-23	Notion websearch	Software Engineer, AI Workflows	Notion	added
https://jobs.ashbyhq.com/notion/23ac2477-0008-4bed-b1c1-81f90a32e9e6	2026-06-23	Notion websearch	Software Engineer Intern (Summer 2026)	Notion	skipped_title
https://jobs.ashbyhq.com/notion/5b15697c-fa91-4511-9482-c98a6ff29f90	2026-06-23	Notion websearch	Software Engineer Intern (Fall 2026)	Notion	skipped_title
https://jobs.ashbyhq.com/notion/7e6dc7fe-7ddd-42c1-8928-13f7bddb9ec9	2026-06-23	Notion websearch	Software Engineer, New Grad (AI)	Notion	skipped_title
https://job-boards.greenhouse.io/temporaltechnologies/jobs/5165841007	2026-06-23	Temporal Greenhouse	Staff Solutions Architect, Enterprise - East	Temporal	added
https://job-boards.greenhouse.io/gleanwork/jobs/4661899005	2026-06-23	Glean Greenhouse	AI Outcomes Manager, West	Glean	added
https://job-boards.greenhouse.io/gleanwork/jobs/4605215005	2026-06-23	Glean Greenhouse	ML Engineer, AI Assistant & Autonomous AI Agents	Glean	added
https://job-boards.greenhouse.io/gleanwork/jobs/4592324005	2026-06-23	Glean Greenhouse	Software Engineer, University Grad 2026	Glean	skipped_title
https://job-boards.greenhouse.io/gleanwork/jobs/4704106005	2026-06-23	Glean Greenhouse	Software Engineer, Compute Infrastructure	Glean	skipped_title
https://job-boards.greenhouse.io/temporaltechnologies/jobs/5125079007	2026-06-23	Temporal Greenhouse	Staff Software Engineer, AI Foundations	Temporal	added
https://job-boards.greenhouse.io/temporaltechnologies/jobs/5133728007	2026-06-23	Temporal Greenhouse	Senior Software Engineer, Compute (Temporal Cloud)	Temporal	skipped_title
https://job-boards.greenhouse.io/temporaltechnologies/jobs/5100259007	2026-06-23	Temporal Greenhouse	Senior Engineering Manager, AI Developer Experience	Temporal	skipped_title
https://job-boards.greenhouse.io/temporaltechnologies/jobs/5104859007	2026-06-23	Temporal Greenhouse	Staff Software Engineer - Nexus	Temporal	skipped_title
https://job-boards.greenhouse.io/temporaltechnologies/jobs/5107645007	2026-06-23	Temporal Greenhouse	Software Engineer, Nexus	Temporal	skipped_title
https://job-boards.greenhouse.io/temporaltechnologies/jobs/5135407007	2026-06-23	Temporal Greenhouse	Staff Developer Advocate, Enterprise - EMEA	Temporal	skipped_title
https://job-boards.greenhouse.io/anthropic/jobs/5111942008	2026-06-23	Anthropic Greenhouse	Applied AI Engineer, Life Sciences	Anthropic	added
https://job-boards.greenhouse.io/anthropic/jobs/5125083008	2026-06-23	Anthropic Greenhouse	Research Engineer, AI Observability	Anthropic	added
https://job-boards.greenhouse.io/anthropic/jobs/5183044008	2026-06-23	Anthropic Greenhouse	Anthropic Fellows Program, AI Safety	Anthropic	skipped_title
https://job-boards.greenhouse.io/anthropic/jobs/5030244008	2026-06-23	Anthropic Greenhouse	Anthropic Fellows Program, AI Security	Anthropic	skipped_title
https://job-boards.greenhouse.io/anthropic/jobs/5076477008	2026-06-23	Anthropic Greenhouse	Research Engineer, Frontier Red Team (Cyber)	Anthropic	skipped_title
https://job-boards.greenhouse.io/anthropic/jobs/5023394008	2026-06-23	Anthropic Greenhouse	Anthropic Fellows Program	Anthropic	skipped_title
https://job-boards.greenhouse.io/anthropic/jobs/5183053008	2026-06-23	Anthropic Greenhouse	Anthropic Fellows Program, Economics & Policy	Anthropic	skipped_title
https://job-boards.greenhouse.io/anthropic/jobs/5183052008	2026-06-23	Anthropic Greenhouse	Anthropic Fellows Program, Reinforcement Learning	Anthropic	skipped_title
https://job-boards.greenhouse.io/anthropic/jobs/5229345008	2026-06-23	Anthropic Greenhouse	Staff Software Engineer, Claude Design	Anthropic	skipped_title
https://jobs.lever.co/mistral/675b7f06-a76b-4144-af0c-4dd3282ef489	2026-06-23	Mistral AI websearch	AI Scientist	Mistral AI	added
https://jobs.lever.co/mistral/5ee49b30-7757-4e24-aa54-080265ce1d15	2026-06-23	Mistral AI websearch	Talent Acquisition, USA	Mistral AI	skipped_title
https://jobs.lever.co/mistral/a1854159-922e-4de7-adb6-7c1b608c147f	2026-06-23	Mistral AI websearch	Technical Program Manager, Engineering	Mistral AI	skipped_title
https://jobs.lever.co/mistral/305432ef-27ac-4012-a893-a662813ac6e9	2026-06-23	Mistral AI websearch	Software Engineer, Frontend	Mistral AI	skipped_title
https://jobs.lever.co/mistral/ef656934-7246-4d93-b341-c907c348c444	2026-06-23	Mistral AI websearch	Product Operations Manager	Mistral AI	skipped_title
https://jobs.lever.co/mistral/6f7f6e7a-3dc4-430b-8957-a64450a10066	2026-06-23	Mistral AI websearch	Cybersecurity Engineer, SIEM	Mistral AI	skipped_title
https://job-boards.greenhouse.io/runpod/jobs/5173070008	2026-06-23	RunPod Greenhouse	Forward Deployed Engineer APAC	RunPod	added
https://job-boards.greenhouse.io/runpod/jobs/5191760008	2026-06-23	RunPod Greenhouse	Developer Relations Lead, AI Infrastructure	RunPod	skipped_title
https://job-boards.greenhouse.io/runpod/jobs/4785681008	2026-06-23	RunPod Greenhouse	Software Engineer (Full-Stack)	RunPod	skipped_title
https://job-boards.greenhouse.io/runpod/jobs/5229443008	2026-06-23	RunPod Greenhouse	Site Reliability Engineer	RunPod	skipped_title
https://jobs.ashbyhq.com/langchain/7b1e5ff7-4531-4d4a-8379-52a21b6d386d	2026-06-23	LangChain websearch	Senior Security Engineer	LangChain	skipped_title
https://job-boards.greenhouse.io/parloa/jobs/4904953101	2026-06-23	Parloa Greenhouse	Senior Backend Engineer	Parloa	skipped_title
https://job-boards.greenhouse.io/speechify/jobs/6003789004	2026-06-23	Voice AI — FDE & SA	Go-to-Market - Fresno CA	Speechify	skipped_title
https://job-boards.greenhouse.io/speechify/jobs/6003707004	2026-06-23	Voice AI — FDE & SA	Go-to-Market - Philadelphia PA	Speechify	skipped_title
https://job-boards.greenhouse.io/speechify/jobs/6003837004	2026-06-23	Voice AI — FDE & SA	Go-to-Market - St. Petersburg FL	Speechify	skipped_title
https://job-boards.greenhouse.io/speechify/jobs/6003678004	2026-06-23	Voice AI — FDE & SA	Go-to-Market - Houston TX	Speechify	skipped_title
https://job-boards.greenhouse.io/gleanwork/jobs/4614706005	2026-06-23	Glean Greenhouse	Software Engineer, Developer Productivity	Glean	skipped_title
https://job-boards.greenhouse.io/gleanwork/jobs/4006731005	2026-06-23	Glean Greenhouse	Software Engineer, Backend	Glean	skipped_title
https://jobs.lever.co/wandb/a8f8ab08-c96e-4efd-9672-94eb0a03b9ac	2026-06-23	Weights & Biases Lever	Senior AI Solutions Engineer, Federal	Weights & Biases	added
https://jobs.lever.co/palantir/636fc05c-d348-4a06-be51-597cb9e07488	2026-06-23	Palantir Lever	Forward Deployed AI Engineer	Palantir	added
https://jobs.lever.co/palantir/dab396d4-2f14-4796-aac0-0d82883dccf0	2026-06-23	Palantir Lever	Forward Deployed Software Engineer	Palantir	added
https://jobs.lever.co/palantir/af01f0ca-d19c-48d0-b28f-563f5cbc7d83	2026-06-23	Palantir Lever	Forward Deployed Infrastructure Engineer	Palantir	added
https://jobs.ashbyhq.com/elevenlabs/4509df6f-b839-44d6-b31f-d7f364cec949	2026-06-23	ElevenLabs new search	Enterprise Solutions Engineer - Europe	ElevenLabs	added
https://jobs.ashbyhq.com/elevenlabs/29491158-3020-45b0-9bbb-789a55e87beb	2026-06-23	ElevenLabs new search	Deployment Strategist - Germany	ElevenLabs	skipped_title
https://jobs.ashbyhq.com/elevenlabs/8c068ebf-c79f-4f12-97ef-b4c9a4f7ae5f	2026-06-23	ElevenLabs new search	Deployment Strategist - North America	ElevenLabs	skipped_title
https://jobs.ashbyhq.com/elevenlabs/86db28df-173c-4407-b016-3dee1ec6197b	2026-06-23	ElevenLabs new search	Deployment Strategist - Middle East	ElevenLabs	skipped_title
https://jobs.ashbyhq.com/sierra/c25ca18c-dbe6-439d-9a40-ce23b40c323c	2026-06-23	Sierra	Strategist, Agent Development	Sierra	added
https://jobs.ashbyhq.com/sierra/8152eaf6-012b-4154-95e2-7d6c52faba93	2026-06-23	Sierra	Sales Engineer	Sierra	skipped_title
https://jobs.ashbyhq.com/cohere/4fedfdfc-3c41-4b77-8c66-c17b4ed2aaeb	2026-06-23	Cohere new roles	Head of Solutions Architecture	Cohere	added
https://jobs.ashbyhq.com/cohere/4a3c3eb2-ae2e-4a86-a677-7bdecbc7d76e	2026-06-23	Cohere new roles	Software Engineer, Agents & Automations	Cohere	added
https://jobs.ashbyhq.com/cohere/be48aafc-9610-4ebd-8414-a0722a3cd59a	2026-06-23	Cohere new roles	Forward Deployed Engineer, Infrastructure Specialist (North America)	Cohere	added
https://jobs.ashbyhq.com/cohere/556467eb-3dc8-46e2-b015-277872210997	2026-06-23	Cohere new roles	Forward Deployed Engineer, Sovereign AI	Cohere	added
https://job-boards.greenhouse.io/cresta/jobs/4759347008	2026-06-23	Cresta Greenhouse	Senior Forward Deployed Engineer (AI Agent)	Cresta	added
https://job-boards.greenhouse.io/cresta/jobs/5097513008	2026-06-23	Cresta Greenhouse	Forward Deployed Engineer (AI Agent) - EMEA	Cresta	added
https://job-boards.greenhouse.io/cresta/jobs/4738837008	2026-06-23	Cresta Greenhouse	Forward Deployed Product Manager, AI Agent	Cresta	added
https://job-boards.greenhouse.io/cresta/jobs/5068157008	2026-06-23	Cresta Greenhouse	Forward Deployed Product Manager - AI Agent (EMEA)	Cresta	added
https://job-boards.greenhouse.io/cresta/jobs/5199747008	2026-06-23	Voice AI — AI Engineer	Senior Machine Learning Engineer, Voice Experience	Cresta	added
https://job-boards.greenhouse.io/assemblyai/jobs/4707265005	2026-06-23	Voice AI — AI Engineer	Applied AI Engineer	AssemblyAI	added
https://jobs.ashbyhq.com/Deepgram/f904ff60-f5d1-45c7-8fa2-8456c47b4204	2026-06-23	Voice AI — FDE & SA	Pre-Sales Solutions Engineer	Deepgram	added
https://job-boards.greenhouse.io/togetherai/jobs/5093344007	2026-06-23	Voice AI — AI Engineer	Senior Platform Engineer, Voice AI	Together AI	added
https://job-boards.greenhouse.io/gomotive/jobs/8196269002	2026-06-23	Greenhouse — AI Engineer	GTM AI Engineer	Motive	added
https://job-boards.greenhouse.io/airtable/jobs/8409168002	2026-06-23	Airtable Greenhouse	AI Agent Architect, Customer Experience	Airtable	added
https://job-boards.greenhouse.io/airtable/jobs/8597941002	2026-06-23	Airtable Greenhouse	Senior Solutions Architect - West Coast	Airtable	added
https://jobs.lever.co/palantir/27bf5707-96fa-460e-8a5b-53bc192ca87b	2026-06-23	Palantir Lever	Forward Deployed Software Engineer - Edge Autonomous Systems	Palantir	skipped_title
https://jobs.lever.co/palantir/be4ab5cb-9caa-4c2a-97b9-c73805fca4fc	2026-06-23	Palantir Lever	Forward Deployed Software Engineer - US Government	Palantir	skipped_title
https://jobs.lever.co/palantir/5c7bb70c-83ea-43e7-8055-0c8f319f4333	2026-06-23	Palantir Lever	Year at Palantir - Forward Deployed Software Engineer, Internship - USG	Palantir	skipped_title
https://jobs.lever.co/palantir/e6789b17-62fb-4226-a079-f8c17ff19e2d	2026-06-23	Palantir Lever	Year at Palantir - Forward Deployed Software Engineer, Internship - Commercial	Palantir	skipped_title
https://job-boards.greenhouse.io/jobsatphamily/jobs/4750261008	2026-06-23	Greenhouse — AI PM	Senior Product Manager (AI Health-Tech SaaS, Remote)	Phamily	added
https://jobs.ashbyhq.com/ramp/deca582c-a1d0-4705-9975-60aed81ba89f	2026-06-23	FDE cross-portal	Software Engineer, AI Forward Deployed	Ramp	added
https://job-boards.greenhouse.io/opaquesystems/jobs/4235505009	2026-06-23	FDE cross-portal	Forward Deployed Engineer (AI)	Opaque Systems	added
https://jobs.ashbyhq.com/junipersquare/dca589c1-d467-4a92-ab9b-76028aeacf45	2026-06-23	FDE cross-portal	Senior Forward Deployed Engineer (AI)	Juniper Square	added
https://apply.workable.com/gridium/j/268299DDE1	2026-06-23	Workable — AI Roles	Product Manager - Data and Integrations	Gridium	added
https://apply.workable.com/3degrees/j/2450A6FDCB	2026-06-23	Workable — AI Roles	Senior Product Manager, Platform & Commercial Enablement	3Degrees	added
https://jobs.ashbyhq.com/cohere/9d571f44-369b-41be-854e-89c7e119c4d7	2026-06-23	Ashby — AI PM	Software Engineer - Applied ML (US/CAN)	Cohere	added
https://jobs.ashbyhq.com/onebrief/0017132a-4eaa-4a66-9704-3e2f6562bd17	2026-06-23	Ashby — Agentic	Outcome Engineer - Experienced Professional	Onebrief	skipped_title
https://jobs.ashbyhq.com/espa/4bb75392-550e-4637-8560-003650c621d6	2026-06-23	Ashby — Agentic	Founding Software Engineer	Espa Labs	skipped_title
https://jobs.lever.co/brillio-2/bc9164d9-1f7e-481a-a6cb-eeb37eab1f52	2026-06-23	Lever — AI Roles	Principal Data Scientist	Brillio	skipped_title
https://wellfound.com/jobs/3780748-ai-product-manager-intern-unpaid	2026-06-23	Wellfound — AI PM	AI Product Manager Intern (Unpaid)	ConsenTerra	skipped_title
https://jobs.ashbyhq.com/bland/65bd2e9d-e5c5-4642-b49f-9cb4ab931e31	2026-06-23	Bland websearch	Customer Success Manager	Bland AI	skipped_title
https://job-boards.greenhouse.io/speechify/jobs/6003789004	2026-06-23	Voice AI — FDE & SA	Go-to-Market - Fresno	Speechify	skipped_title
https://job-boards.greenhouse.io/speechify/jobs/6003707004	2026-06-23	Voice AI — FDE & SA	Go-to-Market - Philadelphia	Speechify	skipped_title
https://job-boards.greenhouse.io/speechify/jobs/6003837004	2026-06-23	Voice AI — FDE & SA	Go-to-Market - St. Petersburg	Speechify	skipped_title
https://job-boards.greenhouse.io/speechify/jobs/6003678004	2026-06-23	Voice AI — FDE & SA	Go-to-Market - Houston	Speechify	skipped_title
https://jobs.ashbyhq.com/langchain/7b1e5ff7-4531-4d4a-8379-52a21b6d386d	2026-06-23	LangChain websearch	Senior Security Engineer	LangChain	skipped_title
https://jobs.ashbyhq.com/pinecone/a380c9b8-720d-4cf7-8103-e2232f225b6d	2026-06-23	Pinecone websearch	Director of Growth Marketing	Pinecone	skipped_title
https://jobs.ashbyhq.com/pinecone/3073b4dd-a97a-4305-8091-3a26093a14b9	2026-06-23	Pinecone websearch	Technical Support Engineer	Pinecone	skipped_title
https://www.remotefront.com/remote-jobs/nice-senior-data-scientist-engineer-dkev3	2026-06-23	RemoteFront — AI & Automation	Senior Data Scientist Engineer	NICE	skipped_title
https://www.remotefront.com/remote-jobs/leidos-holdings-sr-quality-assurance-engineer-68z0e	2026-06-23	RemoteFront — AI & Automation	Senior Quality Assurance Engineer	Leidos	skipped_title
https://www.remotefront.com/remote-jobs/serve-robotics-senior-qa-engineer-api-kskll	2026-06-23	RemoteFront — AI & Automation	Senior Quality Assurance Engineer, API	Serve Robotics	skipped_title
https://jobs.ashbyhq.com/cohere/9baccd88-c051-474f-bfe8-6867fca54cee	2026-06-23	Ashby — Cohere	Data Engineer, Data Foundations	Cohere	skipped_title
https://jobs.ashbyhq.com/cohere/8c035d3d-081d-4c8a-914a-72f4efaad254	2026-06-23	Ashby — Cohere	Software Engineer Intern (Fall/Winter 2026)	Cohere	skipped_title
https://jobs.ashbyhq.com/cohere/b9c8c98e-b0fa-43b6-93b0-fa780d956066	2026-06-23	Ashby — Cohere	Software Engineer, Security	Cohere	skipped_title
https://jobs.ashbyhq.com/cohere/1bc2c535-2f42-454e-aebe-9c018575ce7b	2026-06-23	Ashby — Cohere	Software Engineer Intern (Winter 2026)	Cohere	skipped_title
https://jobs.ashbyhq.com/cohere/66c98ca3-334b-4a6a-a27c-5807b3686121	2026-06-23	Ashby — Cohere	Software Engineer Intern (Spring/Summer 2026)	Cohere	skipped_title
https://jobs.ashbyhq.com/cohere/d5cc437c-2397-4c1a-9d12-3a2bf64d98ea	2026-06-23	Ashby — Cohere	Member of Technical Staff, Search	Cohere	skipped_title
https://jobs.lever.co/mistral/5ee49b30-7757-4e24-aa54-080265ce1d15	2026-06-23	Mistral AI websearch	Talent Acquisition, USA	Mistral AI	skipped_title
https://jobs.lever.co/mistral/a1854159-922e-4de7-adb6-7c1b608c147f	2026-06-23	Mistral AI websearch	Technical Program Manager, Engineering	Mistral AI	skipped_title
https://jobs.lever.co/mistral/305432ef-27ac-4012-a893-a662813ac6e9	2026-06-23	Mistral AI websearch	Software Engineer, Frontend	Mistral AI	skipped_title
https://jobs.lever.co/mistral/ef656934-7246-4d93-b341-c907c348c444	2026-06-23	Mistral AI websearch	Product Operations Manager	Mistral AI	skipped_title
https://jobs.lever.co/mistral/6f7f6e7a-3dc4-430b-8957-a64450a10066	2026-06-23	Mistral AI websearch	Cybersecurity Engineer, SIEM	Mistral AI	skipped_title
https://jobs.ashbyhq.com/elevenlabs/e22e14d8-0766-445f-9570-6037c7300c73	2026-06-23	ElevenLabs websearch	Customer Support Specialist	ElevenLabs	skipped_title
https://jobs.ashbyhq.com/elevenlabs/617ba0d1-14fb-4ec7-abe4-03d029641144	2026-06-23	ElevenLabs websearch	Data Scientist - Product	ElevenLabs	skipped_title
https://jobs.ashbyhq.com/elevenlabs/d06cb81a-e27d-424e-97b2-8fe0fb483343	2026-06-23	ElevenLabs websearch	Data Scientist	ElevenLabs	skipped_title
https://jobs.ashbyhq.com/elevenlabs/ffde876c-a04c-4bc7-a7f5-da1bfd0312f1	2026-06-23	ElevenLabs websearch	Data Engineer	ElevenLabs	skipped_title
https://jobs.ashbyhq.com/oscilar/d32ee038-0f64-406e-a2c8-a83de9fe6b61	2026-06-24	Ashby — AI PM	Product Manager	Oscilar	skipped_dup
https://jobs.ashbyhq.com/horizon3ai/01b63db2-2c73-439e-9032-182583e62d5a	2026-06-24	Ashby — Solutions Architect AI	Solutions Architect, Central	Horizon3 AI	skipped_dup
https://jobs.ashbyhq.com/Scale%20Army%20Careers/011cdf78-402f-4b8e-add9-3b10ebeaa4e3	2026-06-24	Ashby — Solutions Architect AI	AI Automation Specialist	Scale Army	skipped_dup
https://jobs.ashbyhq.com/modal/cbbbee50-3d3b-4873-8ae8-ff4b885b8e54	2026-06-24	Ashby — AI Engineer/FDE	Forward Deployed Engineer - Systems	Modal	added
https://jobs.ashbyhq.com/onebrief/0017132a-4eaa-4a66-9704-3e2f6562bd17	2026-06-24	Ashby — Agentic/AI Agent	Outcome Engineer - Experienced Professional	Onebrief	skipped_dup
https://jobs.ashbyhq.com/espa/4bb75392-550e-4637-8560-003650c621d6	2026-06-24	Ashby — Agentic/AI Agent	Founding Software Engineer	Espa Labs	skipped_dup
https://jobs.ashbyhq.com/spoton/dfa64904-59fe-46a7-9370-e003e3113d3f	2026-06-24	Ashby — Agentic/AI Agent	Senior Software Engineer - Python/Typescript	SpotOn	skipped_dup
https://jobs.ashbyhq.com/rewst/d9c2c2de-da8e-4e38-9150-322015122650	2026-06-24	Ashby — Agentic/AI Agent	Senior Automation Test Engineer	Rewst	added
https://job-boards.greenhouse.io/gitlab/jobs/8568868002	2026-06-24	Greenhouse — AI PM	Senior Product Manager, AI Platform Management	GitLab	added
https://job-boards.greenhouse.io/collectivei/jobs/4672023008	2026-06-24	Greenhouse — AI PM	Senior Product Manager (Remote, United States)	Collective[i]	skipped_dup
https://job-boards.greenhouse.io/mavenclinic/jobs/8599609002	2026-06-24	Greenhouse — AI PM	Senior Product Manager, Consumer	Maven Clinic	skipped_dup
https://job-boards.greenhouse.io/builtin/jobs/7855050	2026-06-24	Greenhouse — AI Engineer	Applied AI Engineer (Agentic Systems & Reputation Intelligence) - India	Built In	skipped_dup
https://job-boards.greenhouse.io/spacex/jobs/8559015002	2026-06-24	Greenhouse — AI Engineer	AI Software Engineer (Vehicle Engineering)	SpaceX	skipped_dup
https://jobs.lever.co/insiderone/0ac29396-b964-4725-878c-6bac813280d6	2026-06-24	Lever — AI PM/SA	AI Product Manager - B2B SaaS (Martech) - Remote	Insider One	skipped_dup
https://jobs.lever.co/jobgether/b1448695-b2da-4144-9a18-050cfa80db17	2026-06-24	Lever — AI PM/SA	Remote Senior AI Product Manager	Jobgether	skipped_dup
https://jobs.lever.co/smiledigitalhealth/73c97d3e-e3d0-4421-bcd5-6b51b131229e	2026-06-24	Lever — AI PM/SA	Manager, Solution Architecture - Remote, US	Smile Digital Health	skipped_dup
https://jobs.lever.co/asapp-2/f1cd2ba0-db85-4ae4-aa59-12f3f47f1125	2026-06-24	Lever — AI PM/SA	Principal Enterprise Architect	ASAPP	skipped_dup
https://jobs.lever.co/jobgether/1c38f6f2-7a81-441b-b244-e1a6fad70c2f	2026-06-24	Lever — AI Engineer	Senior AI Engineer, Development	Jobgether	skipped_dup
https://jobs.lever.co/brillio-2/bc9164d9-1f7e-481a-a6cb-eeb37eab1f52	2026-06-24	Lever — AI Engineer	Principal Data Scientist	Brillio	skipped_dup
https://jobs.lever.co/RadicalAI/fdc7465f-a4e4-4b09-836e-7fe12c37b493	2026-06-24	Lever — AI Engineer	Data Engineer	Radical AI	skipped_dup
https://jobs.lever.co/redoxengine/94f0582f-935f-44c9-8c39-de32fc71fff0	2026-06-24	Lever — AI Engineer	Customer Success Operations & AI Agent Manager	Redox	added
https://wellfound.com/jobs/3358090-product-manager	2026-06-24	Wellfound — AI PM	AI Product Manager	JWP	skipped_dup
https://apply.workable.com/elvtrcom/j/6DB04720AA/	2026-06-24	Workable — AI PM/SA	AI Product Manager	ELVTR	added
https://apply.workable.com/workana-premium/j/F2D38604B7	2026-06-24	Workable — AI PM/SA	Product Owner / Product Manager - AI Product	Workana	skipped_dup
https://apply.workable.com/ottimate/j/51353CA6F8/	2026-06-24	Workable — AI Engineer	Director of AI Engineering	Ottimate	added
https://apply.workable.com/vecten/j/869397D5EE/	2026-06-24	Workable — AI Engineer	AI-Native Engineer (Full-Stack / Agentic AI Engineer)	Vecten	added
https://apply.workable.com/tp-link-usa-corp/j/9E78368B99	2026-06-24	Workable — AI PM/SA	Senior Product Manager, Tapo App Experience & AI	TP-Link Systems	skipped_dup
https://jobs.ashbyhq.com/nooks/b14207cc-3d7b-4e79-9ad6-1a035c16d579	2026-06-24	GTM Engineer search	GTM Engineer (Remote)	Nooks	added
https://job-boards.greenhouse.io/speechify/jobs/5989934004	2026-06-24	Voice AI / Conversational	Go-to-Market Engineer	Speechify	skipped_dup
https://job-boards.greenhouse.io/labelbox/jobs/4640927007	2026-06-24	FDE search	Forward Deployed Engineer	Labelbox	added
https://jobs.ashbyhq.com/elevenlabs/5881bc5d-765a-430e-9d28-7d598a0e1a03	2026-06-24	ElevenLabs jobs	Full-Stack Growth Engineer	ElevenLabs	skipped_dup
https://jobs.ashbyhq.com/elevenlabs/3d650946-5ac2-4729-9ae4-129c43fcd0b5	2026-06-24	ElevenLabs jobs	Research Engineer	ElevenLabs	skipped_dup
https://jobs.ashbyhq.com/elevenlabs/bed47ac1-9c5c-44ae-8965-3a4312706328	2026-06-24	ElevenLabs jobs	Growth Engineer	ElevenLabs	skipped_title
https://jobs.ashbyhq.com/cohere/d9d2740b-8869-462d-85df-21c1941bc13d	2026-06-24	Cohere jobs	Product Manager, Native Experience & Growth	Cohere	skipped_dup
https://jobs.ashbyhq.com/cohere/7a420921-b7dc-4341-a134-6fe209615e86	2026-06-24	Cohere jobs	Engineering Manager, Agentic Platform (UK)	Cohere	added
https://jobs.lever.co/mistral/c7b7fdfe-a071-4d62-bc15-7bcdff8067e7	2026-06-24	Mistral jobs	Applied AI, Forward Deployed Machine Learning Engineer, Critical and Sovereign Institutions, EMEA	Mistral AI	added
https://jobs.lever.co/mistral/45b0fae3-61ea-4cb0-8cd1-c1bc2a43a84a	2026-06-24	Mistral jobs	Applied AI, Technical Lead, Forward Deployed AI Engineer - Munich	Mistral AI	added
https://jobs.lever.co/mistral/042d7b29-279b-48e2-a44b-c7bdc3180dab	2026-06-24	Mistral jobs	Applied AI, Technical Lead, Forward Deployed AI Engineer - Montreal	Mistral AI	added
https://jobs.lever.co/mistral/aff9f13c-e79f-4d66-98b1-f62dd1c552cd	2026-06-24	Mistral jobs	Applied AI, Forward Deployed Machine Learning Engineer - Munich	Mistral AI	added
https://jobs.lever.co/mistral/b2498ec4-51e7-46b7-b258-d9bc40b6e39e	2026-06-24	Mistral jobs	Applied AI, Senior/Staff Forward Deployed Machine Learning Engineer - Munich	Mistral AI	added
https://jobs.lever.co/palantir/727c4271-591f-4e7a-8152-0488c2d92687	2026-06-24	Palantir jobs	Forward Deployed Software Engineer - Edge Autonomous Systems	Palantir	added
https://jobs.lever.co/palantir/be4ab5cb-9caa-4c2a-97b9-c73805fca4fc	2026-06-24	Palantir jobs	Forward Deployed Software Engineer - US Government - Federal Health and Civilian	Palantir	skipped_dup
https://jobs.lever.co/palantir/0edf7365-49f0-4263-818a-19409ec4f430	2026-06-24	Palantir jobs	Forward Deployed Software Engineer - Autonomous Systems C2	Palantir	added
https://jobs.lever.co/palantir/b57f08e9-546c-4b9b-8d21-db0ebbc11363	2026-06-24	Palantir jobs	Forward Deployed Infrastructure Engineer - US Government	Palantir	added
https://jobs.lever.co/palantir/72e51928-07f0-4be0-aae5-0ae6956a4846	2026-06-24	Palantir jobs	Forward Deployed Infrastructure Engineer - UK Government	Palantir	added
https://jobs.ashbyhq.com/bland/05906608-0628-412c-8b01-a050d87986c5	2026-06-24	Bland jobs	Machine Learning Engineer	Bland AI	skipped_dup
https://jobs.ashbyhq.com/decagon/cd95c25c-fdb7-4816-8a31-6d75e86adbe0	2026-06-24	Decagon jobs	Senior Software Engineer, Agents	Decagon	added
https://jobs.ashbyhq.com/decagon/28366d07-ae89-428c-8593-1840591bfc18	2026-06-24	Decagon jobs	Software Engineer, Agents	Decagon	added
https://jobs.ashbyhq.com/decagon/d790a2a2-958d-4f49-96ed-adbd68d2e6ce	2026-06-24	Decagon jobs	Product Manager	Decagon	added
https://jobs.ashbyhq.com/sierra/8152eaf6-012b-4154-95e2-7d6c52faba93	2026-06-24	Sierra jobs	Sales Engineer	Sierra	skipped_dup
https://jobs.ashbyhq.com/sierra/0c66e8ed-1c18-4b64-ad27-a522a866b6e1	2026-06-24	Sierra jobs	Product Manager, Voice	Sierra	added
https://jobs.ashbyhq.com/Sierra/10d2e2f1-6657-40c9-b6fb-6999c76df6cf	2026-06-24	Sierra jobs	Product Manager, Agent SDK	Sierra	added
https://retool.com/careers/software-engineer-ai-product-engineer---engineering--san-francisco-united-states	2026-06-24	Retool jobs	Software Engineer, AI Product Engineer	Retool	added
https://jobs.ashbyhq.com/vapi/4246b127-9f69-4a57-ac70-d16041f8403b	2026-06-24	Vapi jobs	Founding Senior Engineer (Frontend)	Vapi	skipped_title
https://jobs.ashbyhq.com/vapi/ad7d62f7-6051-4625-89d0-efae98c863ee	2026-06-24	Vapi jobs	Member of Technical Staff, Full-Stack	Vapi	skipped_title
https://jobs.ashbyhq.com/vapi/5aecc877-6f32-4fc6-9f51-3072d4bdcf92	2026-06-24	Vapi jobs	Backend Product Engineer	Vapi	skipped_titlehttps://jobs.ashbyhq.com/fastino-ai/d0fe2e39-6cf2-4972-8266-461bd447468a	2026-06-24	Ashby — AI Engineer	AI Engineer	fastino.ai	added
https://jobs.ashbyhq.com/adaptyv/3377f1b8-10b8-45c3-b03c-1c065b4f8608	2026-06-24	FDE & Deployed Engineer — All portals	Forward Deployed Engineer	Adaptyv	added
https://jobs.ashbyhq.com/arcade-ai/380c2162-63ea-4dfb-a6f0-495785c284dd	2026-06-24	Ashby — Agentic	Agent Engineer	Arcade	added
https://job-boards.greenhouse.io/wizardcommerce/jobs/5733929004	2026-06-24	Greenhouse — AI PM	Senior Product Manager, Agentic AI Experiences	Wizard	added
https://job-boards.greenhouse.io/cartwheelcare/jobs/5044639007	2026-06-24	Greenhouse — AI PM	Senior Product Manager, AI Products	Cartwheel	added
https://job-boards.greenhouse.io/smartsheet/jobs/7873872	2026-06-24	Greenhouse — SA & FDE	Senior Forward Deployed AI Engineer (Remote Eligible - UK)	Smartsheet	added
https://job-boards.greenhouse.io/komodohealth/jobs/8447517002	2026-06-24	FDE & Deployed Engineer — All portals	Forward Deployed, Software Engineer III (AI)	Komodo Health	added
https://job-boards.greenhouse.io/cresta/jobs/5107283008	2026-06-24	FDE & Deployed Engineer — All portals	Forward Deployed Engineer (AI Agent)	Cresta	added
https://job-boards.greenhouse.io/brightai/jobs/5616545004	2026-06-24	Greenhouse — AI Engineer	Senior AI Engineer – LLM, RAG	BrightAI	added
https://job-boards.greenhouse.io/upwork/jobs/7741903003	2026-06-24	Greenhouse — AI Engineer	Lead AI Engineer, NLQ & Agentic Systems	Upwork	added
https://job-boards.greenhouse.io/future/jobs/4683133005	2026-06-24	Greenhouse — AI Engineer	Applied AI Engineer	Future	added
https://job-boards.greenhouse.io/evolutioniq/jobs/5751888004	2026-06-24	Greenhouse — AI Engineer	Senior AI/ML Engineer (LLMs)	EvolutionIQ	added
https://job-boards.greenhouse.io/idme/jobs/7766372003	2026-06-24	Greenhouse — AI Engineer	Staff Software Engineer - AI Agent Evaluations	ID.me	added
https://job-boards.greenhouse.io/myriad360/jobs/8402449002	2026-06-24	Greenhouse — No-Code & Automation	AI and Automation Lead	Myriad360	added
https://job-boards.greenhouse.io/appfire/jobs/4667233005	2026-06-24	Greenhouse — No-Code & Automation	Senior AI Automation Engineer	Appfire	added
https://jobs.ashbyhq.com/lorikeet/0c72da73-cd31-4702-b9f1-c26b20932702	2026-06-24	FDE & Deployed Engineer — All portals	Forward Deployed AI Engineer	Lorikeet	added
https://jobs.ashbyhq.com/generalrobotics/eb20207f-f021-4b78-9454-bd1b7355ae83	2026-06-24	FDE & Deployed Engineer — All portals	Forward Deployed Engineer (AI)	General Robotics	added
https://job-boards.greenhouse.io/parloa/jobs/4799672101	2026-06-24	Voice AI — FDE & SA	Forward Deployed Engineer, VoIP	Parloa	added
https://job-boards.greenhouse.io/gitlab/jobs/8497078002	2026-06-24	FDE & Deployed Engineer — All portals	Field Strategist, Forward Deployed Engineer	GitLab	added
https://job-boards.greenhouse.io/knak/jobs/4683178005	2026-06-24	FDE & Deployed Engineer — All portals	Forward Deployed Engineer (AI Internal Tools)	Knak	added
https://jobs.ashbyhq.com/n8n/5d501d74-cb30-4c14-8ff9-508f647b34a9	2026-06-24	n8n websearch	Senior AI Engineer (Europe Remote)	n8n	added
https://jobs.ashbyhq.com/n8n/f814f5ce-b615-413d-bbe0-b5786b3872e9	2026-06-24	n8n websearch	AI Engineering Manager (Remote Europe)	n8n	added
https://jobs.ashbyhq.com/zapier/38434b88-086c-424b-8d18-8d006e0b71b8	2026-06-24	Zapier websearch	Sr. Applied AI Engineer	Zapier	added
https://jobs.ashbyhq.com/zapier/2b57e91a-725f-4e57-aa49-716e0f26eead	2026-06-24	Zapier websearch	Staff Engineer, Applied AI	Zapier	added
https://jobs.ashbyhq.com/zapier/70a9e6aa-e054-4528-9308-0e473ff672aa	2026-06-24	Zapier websearch	Pre-Sales Solutions Architect	Zapier	added
https://jobs.ashbyhq.com/cohere/1bc73d85-e6f4-4338-b53a-9ffb609a950d	2026-06-24	Cohere websearch	Solutions Architect - Public Sector	Cohere	added
https://jobs.ashbyhq.com/cohere/2a7f1fad-05ff-4260-af36-556d1d694775	2026-06-24	Cohere websearch	Product Manager, Public Sector & Defence	Cohere	added
https://jobs.ashbyhq.com/langchain/b8dead31-212a-4b92-82a7-c42df16ae877	2026-06-24	LangChain websearch	Customer Engineer (West Coast)	LangChain	added
https://jobs.ashbyhq.com/langchain/32c6fe13-76e0-49a2-849d-991014416987	2026-06-24	LangChain websearch	GTM Engineer	LangChain	added
https://jobs.ashbyhq.com/vapi/7adb10b2-1234-4e4c-b132-f990a91de048	2026-06-24	Vapi websearch	Agent Engineer - NY	Vapi	added
https://jobs.ashbyhq.com/vapi/adbc573f-7267-491e-8671-4d5470238aae	2026-06-24	Vapi websearch	Agent Strategist - SF	Vapi	added
https://jobs.ashbyhq.com/vapi/72ec9643-39c2-47ae-b04e-cba4e02b0966	2026-06-24	Vapi websearch	Agent Strategist - NYC	Vapi	added
https://jobs.ashbyhq.com/sierra/22ba107d-de01-4aa3-98fc-838cccad760c	2026-06-24	Sierra websearch	Product Manager, Ghostwriter	Sierra	added
https://jobs.ashbyhq.com/sierra/65eb2c63-c936-4e8e-87e7-ea080dcdca73	2026-06-24	Sierra websearch	Product Manager, Agent Development - Healthcare	Sierra	added
https://jobs.ashbyhq.com/sierra/2a76bb97-2719-413c-94ad-775553e63abd	2026-06-24	Sierra websearch	Strategist, Agent Development - Financial Services	Sierra	added
https://jobs.ashbyhq.com/truelogic/bba50df3-0ef0-4a36-9662-d0069ea723bf	2026-06-24	Ashby — Solutions Architect	Staff Solutions Architect (Canada/Remote)	Truelogic	added
https://jobs.ashbyhq.com/go-nimbly/f5ef4572-c020-4a81-817f-ea10396d0d57	2026-06-24	GTM Engineer — All portals	RevOps Solutions Architect	Go Nimbly	added
https://jobs.ashbyhq.com/quora/b0ef4655-20b0-4c4f-93d2-037556c6c9e5	2026-06-24	Ashby — No-Code & Automation	AI Automation Engineer	Quora	added
https://apply.workable.com/volga-partners/j/981FC789E8	2026-06-24	Workable — AI Roles	Product Manager (AI & Platform Products)	Volga Partners	added
https://apply.workable.com/terabase-energy/j/EC2806A1AB	2026-06-24	Workable — AI Roles	Senior Generative AI Engineer	Terabase Energy	added
https://jobs.lever.co/provectus/7f4add6a-20d7-4f07-8490-788ababa4713	2026-06-24	Lever — AI PM	Senior Technical Solution Owner AI & Data Platforms (Europe/UK)	Provectus	added
https://jobs.lever.co/intersect/414106b8-e9e8-4404-91ee-c42b98cdf5cf	2026-06-24	Lever — AI PM	AI Solutions Architect	Intersect	added
https://jobs.ashbyhq.com/dash0/88dc8222-497c-4d58-ad5b-e862a6602c51	2026-06-24	Ashby — Solutions Architect	Commercial Solutions Architect	Dash0	added
https://jobs.lever.co/palantir/5168e8fd-fec1-4fea-b7a1-81bdaea65850	2026-06-24	Palantir Lever	Forward Deployed Software Engineer	Palantir	added
https://jobs.ashbyhq.com/pareto-ai/9b5842fb-f936-47d0-9985-2941264123d8	2026-06-24	Ashby — AI Engineer	Forward Deployed Software Engineer	Pareto.AI	added
https://jobs.ashbyhq.com/sarvam/ac2b835e-375c-48d8-a174-8c2935f408b2	2026-06-24	Voice AI — FDE & SA	Forward Deployed Software Engineer	Sarvam	added
https://jobs.ashbyhq.com/rilla/ec768352-6ddb-4d4b-8704-0c04c37fff13	2026-06-24	FDE & Deployed Engineer — All portals	Forward Deployed Engineer, Integrations	Rilla	added
https://jobs.lever.co/copilotkit/d134b481-f042-45b1-b908-dd38ff72fdd0	2026-06-24	FDE & Deployed Engineer — All portals	Forward Deployed Engineer	CopilotKit	added
https://job-boards.greenhouse.io/loop/jobs/5986356004	2026-06-24	FDE & Deployed Engineer — All portals	Forward Deployed Engineer	Loop	added
https://job-boards.greenhouse.io/federato/jobs/5206958008	2026-06-24	FDE & Deployed Engineer — All portals	Forward Deployed Machine Learning Engineer	Federato	added
https://job-boards.greenhouse.io/federato/jobs/5012570008	2026-06-24	FDE & Deployed Engineer — All portals	Senior Forward Deployed Engineer	Federato	added
https://job-boards.greenhouse.io/hightouch/jobs/5542602004	2026-06-24	Greenhouse — AI Engineer	Software Engineer, AI Agents	Hightouch	added
https://job-boards.greenhouse.io/hightouch/jobs/5838911004	2026-06-24	Greenhouse — SA & FDE	AI Solutions Engineer, Senior Enterprise	Hightouch	added
https://job-boards.greenhouse.io/hightouch/jobs/5834919004	2026-06-24	Greenhouse — AI PM	Lead Product Manager, Agentic Personalization	Hightouch	added
https://job-boards.greenhouse.io/togetherai/jobs/4222183007	2026-06-24	Greenhouse — SA & FDE	AI Solutions Architect	Together AI	added
https://job-boards.greenhouse.io/natera/jobs/5831791004	2026-06-24	Greenhouse — No-Code & Automation	Senior Engineer, Agentic RPA Automation	Natera	added
https://job-boards.greenhouse.io/stackadapt/jobs/4018446009	2026-06-24	Greenhouse — No-Code & Automation	Automation Engineer, Agentic Orchestration	StackAdapt	added
https://jobs.lever.co/redoxengine/fac461a3-db8a-4580-a8ba-36be4f977aec	2026-06-24	Lever — AI PM	Senior Product Manager II - AI Platform & Agentic Experience	Redox	added
https://jobs.lever.co/aledade/21787819-6373-4736-8766-d49cc84fd3af	2026-06-24	Lever — AI PM	Senior Technical Product Manager - AI Platform	Aledade	added
https://jobs.lever.co/aledade/a7680239-7d4d-485f-a322-60aa4e917425	2026-06-24	Lever — AI PM	Senior Technical Product Manager (Agentic CRM)	Aledade	added
https://jobs.lever.co/valence/3f69b392-6c54-4c41-aa06-33029cf1e652	2026-06-24	Lever — AI PM	Senior Product Manager, AI	Valence	added
https://job-boards.greenhouse.io/mongodb/jobs/7392902	2026-06-24	FDE & Deployed Engineer — All portals	Senior Software Engineer, Forward Deployed AI Engineer	MongoDB	added
https://jobs.lever.co/zartis/90918a29-d641-4157-b29d-dab5a1bd8e0d	2026-06-24	Lever — AI Roles	GenAI Architect	Zartis	added
